original,version
2,1
4,3
4,5
4,6
8,7
8,9
13,11
13,12
14,15
14,16
18,17
18,19
18,20
18,21
18,22
18,23
26,24
26,25
26,27
30,28
30,29
30,31
33,32
33,34
36,35
36,37
39,40
43,42
43,44
43,45
48,47
50,49
52,51
52,53
55,54
55,56
55,57
58,59
61,60
63,62
63,64
63,65
67,66
67,68
71,69
71,70
74,72
74,73
74,75
74,76
79,77
79,78
79,80
82,81
82,83
82,84
86,85
89,87
89,88
89,90
91,92
94,93
94,95
94,96
100,97
100,98
100,99
100,101
100,102
105,103
105,104
107,106
107,108
107,109
111,110
111,112
111,113
115,114
115,116
120,117
120,118
120,119
122,121
122,123
122,124
122,125
127,126
127,128
127,129
127,130
132,131
134,135
134,136
140,139
140,141
143,142
145,144
147,146
149,148
149,150
154,151
154,152
154,153
158,155
158,156
158,157
158,159
161,160
165,162
165,163
165,164
167,166
167,168
167,169
172,170
172,171
172,173
174,175
174,176
174,177
179,178
179,180
179,181
185,182
185,183
185,184
186,187
186,188
186,189
191,190
191,192
191,193
195,194
195,196
198,197
198,199
198,200
202,201
202,203
202,204
207,205
207,206
207,208
210,209
210,211
210,212
215,213
215,214
215,216
218,217
218,219
218,220
221,222
224,223
224,225
224,226
227,228
227,229
231,230
231,232
235,233
235,234
235,236
239,237
239,238
239,240
242,241
242,243
245,244
245,246
245,247
249,248
251,250
251,252
251,253
254,255
254,256
258,257
258,259
258,260
263,261
263,262
263,264
263,265
267,266
267,268
267,269
271,270
271,272
274,273
274,275
278,276
278,277
278,279
281,280
281,282
281,283
286,284
286,285
288,287
288,289
291,290
291,292
291,293
294,295
294,296
294,297
298,299
298,300
298,301
303,302
303,304
303,305
307,306
307,308
307,309
312,310
312,311
312,313
315,314
315,316
318,317
318,319
318,320
322,321
322,323
325,324
325,326
325,327
329,328
329,330
332,331
332,333
337,334
337,335
337,336
339,338
339,340
339,341
343,342
343,344
346,345
346,347
349,348
349,350
349,351
349,352
354,353
354,355
358,356
358,357
360,359
360,361
360,362
364,363
364,365
364,366
370,367
370,368
370,369
372,371
374,373
374,375
378,376
378,377
380,379
380,381
383,382
383,384
383,385
383,386
388,387
388,389
391,390
391,392
391,393
395,394
395,396
395,397
399,398
399,400
399,401
403,402
403,404
403,405
407,406
409,408
409,410
409,411
413,412
413,414
416,415
417,418
421,419
421,420
424,422
424,423
427,425
427,426
427,428
430,429
430,431
430,432
433,434
433,435
437,436
439,438
439,440
444,441
444,442
444,443
446,445
446,447
449,448
449,450
454,451
454,452
454,453
456,455
456,457
456,458
460,459
460,461
463,462
463,464
463,465
467,466
467,468
470,469
470,471
474,472
474,473
474,475
477,476
477,478
477,479
482,480
482,481
483,484
483,485
483,486
488,487
488,489
491,490
491,492
494,493
494,495
494,496
499,497
499,498
500,501
504,502
504,503
507,505
507,506
508,509
510,511
513,512
515,514
515,516
518,517
518,519
521,520
521,522
521,523
525,524
525,526
525,527
529,528
529,530
529,531
533,532
533,534
536,535
538,537
538,539
544,540
544,541
544,542
544,543
547,545
547,546
547,548
550,549
550,551
550,552
550,553
557,554
557,555
557,556
557,558
559,560
559,561
559,562
559,563
565,564
565,566
565,567
569,568
569,570
569,571
569,572
574,573
574,575
574,576
578,577
578,579
578,580
582,581
582,583
582,584
586,585
586,587
589,588
589,590
594,591
594,592
594,593
596,595
596,597
596,598
600,599
600,601
600,602
603,604
603,605
607,606
607,608
610,609
610,611
610,612
614,613
614,615
617,616
617,618
617,619
620,621
622,623
622,624
626,625
628,627
630,629
630,631
633,632
633,634
635,636
635,637
639,638
639,640
642,641
644,643
644,645
648,646
648,647
650,649
650,651
653,652
655,654
657,656
657,658
660,659
660,661
660,662
664,663
664,665
664,666
664,667
670,668
670,669
672,671
672,673
672,674
678,675
678,676
678,677
679,680
679,681
683,682
683,684
685,686
685,687
688,689
688,690
692,691
692,693
695,694
695,696
698,697
698,699
698,700
702,701
702,703
706,704
706,705
706,707
709,708
709,710
709,711
713,712
713,714
713,715
719,716
719,717
719,718
721,720
721,722
721,723
725,724
725,726
725,727
729,728
729,730
729,731
733,732
733,734
736,735
736,737
736,738
739,740
739,741
739,742
746,743
746,744
746,745
749,747
749,748
749,750
749,751
753,752
753,754
756,755
756,757
761,758
761,759
761,760
761,762
764,763
764,765
764,766
769,767
769,768
769,770
769,771
775,772
775,773
775,774
775,776
777,778
777,779
777,780
782,781
782,783
786,784
786,785
786,787
786,788
789,790
789,791
789,792
789,793
796,794
796,795
796,797
796,798
801,799
801,800
801,802
805,803
805,804
805,806
807,808
809,810
809,811
813,812
815,814
817,816
817,818
820,819
820,821
822,823
822,824
826,825
826,827
829,828
831,830
833,832
835,834
837,836
840,838
840,839
841,842
844,843
846,845
846,847
846,848
850,849
850,851
850,852
853,854
856,855
856,857
856,858
860,859
860,861
863,862
863,864
865,866
867,868
867,869
871,870
871,872
874,873
876,875
876,877
880,878
880,879
881,882
881,883
885,884
885,886
885,887
890,888
890,889
890,891
894,892
894,893
894,895
897,896
899,898
899,900
899,901
903,902
905,904
908,906
908,907
910,909
910,911
913,912
913,914
913,915
916,917
916,918
916,919
921,920
925,922
925,923
925,924
927,926
927,928
927,929
932,930
932,931
932,933
936,934
936,935
936,937
939,938
942,940
942,941
942,943
944,945
944,946
944,947
949,948
949,950
952,951
952,953
955,954
955,956
958,957
958,959
961,960
963,962
965,964
967,966
967,968
967,969
967,970
971,972
971,973
971,974
977,975
977,976
977,978
980,979
980,981
980,982
980,983
988,987
995,994
995,996
998,997
998,999
998,1000
1003,1002
1003,1004
1007,1008
1009,1010
1012,1011
1013,1014
1035,1034
1046,1047
1049,1048
1051,1052
1051,1053
1055,1054
1057,1056
1058,1059
1061,1060
1063,1062
1065,1064
1068,1066
1068,1067
1068,1069
1068,1070
1072,1071
1072,1073
1072,1074
1076,1075
1089,1090
1091,1092
1091,1093
1095,1094
1096,1097
1099,1098
1099,1100
1104,1103
1104,1105
1108,1107
1136,1135
1143,1144
1150,1151
1152,1153
1167,1168
1167,1169
1172,1173
1175,1176
1183,1182
1186,1187
1186,1188
1190,1189
1191,1192
1195,1194
1203,1202
1206,1204
1206,1205
1209,1207
1209,1208
1210,1211
1210,1212
1215,1213
1215,1214
1218,1217
1220,1219
1220,1221
1223,1222
1225,1224
1225,1226
1228,1227
1231,1230
1236,1235
1246,1247
1249,1250
1253,1252
1263,1261
1263,1262
1263,1264
1265,1266
1268,1267
1268,1269
1268,1270
1275,1272
1275,1273
1275,1274
1275,1276
1278,1277
1278,1279
1278,1280
1278,1281
1278,1282
1283,1284
1287,1286
1288,1289
1294,1293
1296,1295
1298,1297
1302,1300
1302,1301
1302,1303
1305,1304
1308,1307
1310,1309
1310,1311
1313,1312
1316,1314
1316,1315
1318,1317
1318,1319
1318,1320
1322,1321
1322,1323
1325,1324
1325,1326
1329,1328
1329,1330
1329,1331
1333,1332
1333,1334
1336,1335
1336,1337
1336,1338
1339,1340
1339,1341
1339,1342
1339,1343
1345,1344
1348,1347
1348,1349
1350,1351
1353,1354
1353,1355
1357,1356
1357,1358
1359,1360
1362,1361
1362,1363
1365,1364
1365,1366
1368,1367
1368,1369
1371,1370
1371,1372
1375,1373
1375,1374
1377,1378
1377,1379
1381,1380
1381,1382
1385,1384
1385,1386
1385,1387
1391,1388
1391,1389
1391,1390
1393,1392
1398,1397
1402,1400
1402,1401
1406,1404
1406,1405
1406,1407
1409,1410
1413,1414
1416,1415
1416,1417
1416,1418
1416,1419
1422,1423
1422,1424
1422,1425
1422,1426
1429,1427
1429,1428
1430,1431
1430,1432
1434,1433
1436,1435
1436,1437
1436,1438
1440,1439
1444,1443
1444,1445
1448,1447
1450,1449
1453,1452
1456,1454
1456,1455
1456,1457
1456,1458
1461,1459
1461,1460
1462,1463
1464,1465
1467,1466
1468,1469
1468,1470
1472,1473
1472,1474
1476,1475
1476,1477
1478,1479
1482,1480
1482,1481
1483,1484
1486,1485
1486,1487
1486,1488
1486,1489
1490,1491
1493,1492
1493,1494
1495,1496
1498,1497
1500,1499
1504,1501
1504,1502
1504,1503
1504,1505
1509,1508
1509,1510
1513,1511
1513,1512
1515,1516
1519,1520
1522,1521
1524,1523
1527,1526
1529,1530
1531,1532
1535,1536
1535,1537
1535,1538
1540,1539
1542,1541
1544,1545
1547,1546
1547,1548
1552,1551
1553,1554
1553,1555
1553,1556
1557,1558
1557,1559
1557,1560
1564,1561
1564,1562
1564,1563
1566,1567
1569,1568
1569,1570
1575,1574
1577,1576
1580,1581
1583,1582
1583,1584
1583,1585
1586,1587
1586,1588
1586,1589
1591,1590
1594,1593
1594,1595
1596,1597
1596,1598
1596,1599
1596,1600
1602,1601
1602,1603
1605,1604
1607,1606
1609,1608
1609,1610
1614,1613
1614,1615
1616,1617
1622,1623
1625,1624
1625,1626
1625,1627
1629,1628
1629,1630
1632,1633
1636,1635
1640,1641
1642,1643
1644,1645
1646,1647
1650,1649
1655,1654
1655,1656
1655,1657
1655,1658
1660,1659
1663,1664
1669,1670
1672,1671
1672,1673
1680,1679
1682,1681
1685,1684
1687,1688
1690,1691
1692,1693
1694,1695
1696,1697
1698,1699
1700,1701
1700,1702
1708,1707
1709,1710
1711,1712
1717,1718
1721,1722
1724,1725
1735,1736
1741,1742
1741,1743
1752,1753
1756,1755
1757,1758
1759,1760
1762,1761
1763,1764
1766,1765
1768,1767
1771,1769
1771,1770
1773,1772
1774,1775
1777,1776
1780,1778
1780,1779
1781,1782
1784,1783
1785,1786
1788,1787
1790,1789
1792,1791
1794,1793
1795,1796
1798,1797
1800,1799
1805,1806
1805,1807
1809,1808
1810,1811
1810,1812
1814,1813
1820,1821
1822,1823
1822,1824
1826,1827
1829,1830
1832,1831
1835,1836
1838,1839
1841,1840
1842,1843
1844,1845
1846,1847
1856,1857
1868,1865
1868,1866
1868,1867
1870,1869
1870,1871
1870,1872
1870,1873
1880,1877
1880,1878
1880,1879
1884,1883
1885,1886
1885,1887
1889,1888
1890,1891
1890,1892
1894,1895
1894,1896
1900,1901
1908,1906
1908,1907
1912,1913
1920,1919
1926,1925
1931,1930
1933,1932
1933,1934
1937,1935
1937,1936
1937,1938
1937,1939
1941,1940
1941,1942
1944,1943
1944,1945
1949,1948
1951,1950
1953,1952
1956,1957
1962,1963
1966,1967
1976,1977
1980,1979
1980,1981
1985,1986
1990,1991
1990,1992
1990,1993
2000,1999
2004,2003
2005,2006
2011,2009
2011,2010
2022,2021
2022,2023
2022,2024
2022,2025
2026,2027
2028,2029
2028,2030
2031,2032
2031,2033
2039,2036
2039,2037
2039,2038
2040,2041
2040,2042
2044,2043
2044,2045
2044,2046
2048,2049
2050,2051
2050,2052
2050,2053
2056,2057
2068,2067
2078,2077
2080,2081
2086,2087
2092,2091
2100,2101
2110,2111
2120,2121
2139,2138
2139,2140
2139,2141
2145,2146
2147,2148
2147,2149
2151,2150
2152,2153
2155,2156
2157,2158
2157,2159
2161,2160
2161,2162
2163,2164
2165,2166
2168,2167
2171,2169
2171,2170
2171,2172
2174,2173
2178,2179
2182,2181
2182,2183
2185,2186
2220,2221
2222,2223
2225,2226
2230,2231
2267,2266
2295,2296
2316,2315
2318,2317
2319,2320
2334,2335
2405,2406
2413,2414
2424,2423
2430,2429
2451,2452
2458,2457
2465,2466
2474,2473
2474,2475
2478,2477
2480,2479
2480,2481
2482,2483
2486,2485
2494,2495
2498,2497
2500,2499
2508,2507
2508,2509
2511,2512
2515,2516
2517,2518
2520,2519
2532,2533
2537,2536
2538,2539
2540,2541
2545,2544
2547,2546
2550,2551
2550,2552
2558,2559
2568,2566
2568,2567
2568,2569
2576,2575
2579,2578
2597,2592
2597,2593
2597,2594
2597,2595
2597,2596
2597,2598
2603,2602
2611,2612
2613,2614
2618,2616
2618,2617
2619,2620
2622,2621
2622,2623
2627,2628
2629,2630
2640,2641
2642,2643
2644,2645
2649,2648
2649,2650
2653,2652
2661,2660
2663,2662
2667,2666
2667,2668
2667,2669
2667,2670
2674,2673
2675,2676
2677,2678
2681,2682
2688,2687
2688,2689
2691,2690
2693,2692
2693,2694
2693,2695
2698,2697
2698,2699
2711,2712
2714,2715
2716,2717
2718,2719
2718,2720
2726,2725
2730,2729
2732,2733
2742,2741
2745,2746
2747,2748
2753,2752
2753,2754
2759,2758
2764,2763
2772,2771
2780,2779
2782,2781
2790,2791
2797,2795
2797,2796
2798,2799
2814,2813
2816,2817
2816,2818
2821,2819
2821,2820
2823,2822
2836,2835
2839,2838
2841,2840
2843,2842
2845,2846
2848,2849
2851,2852
2877,2876
2877,2878
2895,2891
2895,2892
2895,2893
2895,2894
2897,2896
2897,2898
2897,2899
2901,2900
2901,2902
2903,2904
2903,2905
2908,2907
2916,2915
2918,2917
2919,2920
2923,2922
2923,2924
2930,2931
2930,2932
2933,2934
2937,2936
2937,2938
2940,2939
2942,2941
2942,2943
2945,2944
2947,2946
2947,2948
2950,2951
2953,2952
2953,2954
2955,2956
2957,2958
2960,2959
2962,2961
2962,2963
2968,2967
2968,2969
2970,2971
2970,2972
2976,2973
2976,2974
2976,2975
2981,2980
2987,2986
2987,2988
2987,2989
2992,2991
3044,3043
3054,3053
3078,3077
3081,3082
3086,3087
3093,3092
3094,3095
3100,3101
3103,3102
3105,3106
3108,3107
3108,3109
3111,3112
3111,3113
3123,3124
3126,3125
3152,3153
3166,3167
3176,3177
3181,3180
3181,3182
3187,3188
3202,3201
3206,3205
3206,3207
3206,3208
3206,3209
3206,3210
3206,3211
3206,3212
3213,3214
3215,3216
3220,3219
3227,3221
3227,3222
3227,3223
3227,3224
3227,3225
3227,3226
3245,3244
3248,3247
3248,3249
3258,3257
3262,3261
3264,3263
3266,3265
3266,3267
3269,3268
3269,3270
3271,3272
3271,3273
3275,3274
3275,3276
3278,3277
3278,3279
3282,3281
3285,3283
3285,3284
3286,3287
3289,3288
3291,3290
3291,3292
3291,3293
3295,3294
3295,3296
3297,3298
3300,3299
3302,3301
3304,3303
3304,3305
3307,3306
3307,3308
3310,3309
3312,3311
3314,3313
3314,3315
3317,3316
3318,3319
3318,3320
3326,3325
3326,3327
3335,3334
3341,3340
3342,3343
3345,3344
3348,3349
3350,3351
3354,3353
3359,3358
3383,3382
3383,3384
3386,3385
3386,3387
3395,3394
3397,3396
3399,3398
3399,3400
3402,3401
3405,3404
3405,3406
3409,3408
3410,3411
3414,3413
3414,3415
3414,3416
3414,3417
3414,3418
3422,3420
3422,3421
3424,3423
3424,3425
3427,3426
3432,3433
3432,3434
3435,3436
3438,3439
3444,3441
3444,3442
3444,3443
3444,3445
3444,3446
3452,3453
3458,3457
3458,3459
3461,3460
3462,3463
3467,3466
3467,3468
3470,3469
3471,3472
3474,3475
3476,3477
3483,3479
3483,3480
3483,3481
3483,3482
3483,3484
3483,3485
3486,3487
3490,3489
3492,3491
3496,3497
3496,3498
3496,3499
3502,3503
3502,3504
3507,3506
3507,3508
3507,3509
3507,3510
3512,3511
3512,3513
3515,3514
3517,3516
3517,3518
3517,3519
3517,3520
3523,3521
3523,3522
3523,3524
3523,3525
3527,3526
3527,3528
3530,3529
3530,3531
3530,3532
3534,3533
3534,3535
3539,3537
3539,3538
3539,3540
3541,3542
3541,3543
3541,3544
3541,3545
3547,3546
3547,3548
3554,3549
3554,3550
3554,3551
3554,3552
3554,3553
3556,3555
3556,3557
3556,3558
3560,3559
3560,3561
3560,3562
3563,3564
3563,3565
3568,3566
3568,3567
3568,3569
3568,3570
3568,3571
3575,3574
3575,3576
3575,3577
3575,3578
3575,3579
3575,3580
3582,3581
3582,3583
3582,3584
3582,3585
3587,3586
3587,3588
3590,3589
3590,3591
3593,3592
3596,3597
3596,3598
3596,3599
3601,3600
3604,3603
3608,3607
3611,3610
3616,3617
3621,3620
3624,3625
3629,3626
3629,3627
3629,3628
3631,3630
3634,3632
3634,3633
3635,3636
3635,3637
3640,3639
3642,3641
3644,3643
3645,3646
3645,3647
3650,3648
3650,3649
3650,3651
3654,3655
3656,3657
3658,3659
3663,3662
3666,3664
3666,3665
3667,3668
3670,3669
3670,3671
3676,3674
3676,3675
3676,3677
3679,3678
3681,3680
3681,3682
3684,3683
3684,3685
3688,3687
3688,3689
3690,3691
3692,3693
3697,3696
3698,3699
3700,3701
3703,3702
3703,3704
3707,3705
3707,3706
3707,3708
3707,3709
3711,3710
3712,3713
3715,3714
3716,3717
3719,3718
3722,3720
3722,3721
3726,3725
3726,3727
3729,3728
3729,3730
3737,3735
3737,3736
3737,3738
3740,3739
3745,3744
3747,3746
3749,3748
3753,3752
3753,3754
3756,3755
3756,3757
3762,3763
3764,3765
3768,3767
3768,3769
3768,3770
3773,3772
3773,3774
3773,3775
3778,3777
3781,3779
3781,3780
3781,3782
3788,3786
3788,3787
3788,3789
3790,3791
3790,3792
3798,3797
3799,3800
3799,3801
3803,3802
3804,3805
3807,3808
3810,3809
3810,3811
3813,3812
3815,3814
3817,3816
3819,3820
3823,3824
3826,3825
3827,3828
3834,3833
3837,3838
3840,3839
3841,3842
3843,3844
3845,3846
3848,3847
3849,3850
3852,3851
3852,3853
3857,3858
3867,3868
3875,3874
3875,3876
3875,3877
3881,3880
3887,3888
3892,3891
3892,3893
3900,3901
3904,3903
3905,3906
3907,3908
3909,3910
3911,3912
3914,3915
3919,3918
3919,3920
3923,3924
3930,3926
3930,3927
3930,3928
3930,3929
3933,3934
3937,3935
3937,3936
3939,3938
3939,3940
3942,3941
3942,3943
3945,3944
3946,3947
3946,3948
3950,3949
3950,3951
3950,3952
3954,3953
3954,3955
3964,3963
3970,3967
3970,3968
3970,3969
3970,3971
3973,3972
3975,3974
3977,3976
3979,3978
3988,3987
3989,3990
3992,3991
3992,3993
3996,3995
4000,3999
4000,4001
4004,4003
4007,4005
4007,4006
4009,4008
4011,4010
4011,4012
4014,4013
4015,4016
4017,4018
4017,4019
4021,4020
4024,4023
4026,4025
4026,4027
4029,4028
4031,4032
4031,4033
4035,4034
4037,4036
4037,4038
4037,4039
4041,4040
4043,4044
4047,4046
4047,4048
4050,4049
4052,4051
4052,4053
4054,4055
4058,4057
4058,4059
4061,4060
4062,4063
4062,4064
4067,4066
4068,4069
4071,4070
4071,4072
4074,4073
4074,4075
4076,4077
4079,4078
4080,4081
4083,4082
4084,4085
4087,4086
4088,4089
4092,4093
4095,4094
4096,4097
4101,4100
4104,4103
4107,4106
4110,4109
4110,4111
4114,4113
4115,4116
4118,4119
4122,4121
4122,4123
4125,4124
4125,4126
4129,4127
4129,4128
4132,4131
4132,4133
4135,4136
4137,4138
4139,4140
4143,4142
4145,4146
4145,4147
4151,4150
4153,4152
4155,4154
4155,4156
4158,4157
4158,4159
4161,4160
4161,4162
4163,4164
4163,4165
4166,4167
4172,4171
4174,4173
4175,4176
4180,4177
4180,4178
4180,4179
4181,4182
4184,4183
4186,4185
4187,4188
4187,4189
4190,4191
4193,4192
4195,4194
4197,4196
4200,4201
4202,4203
4206,4205
4207,4208
4209,4210
4213,4212
4215,4214
4219,4218
4222,4221
4224,4223
4224,4225
4227,4226
4228,4229
4232,4231
4232,4233
4236,4234
4236,4235
4237,4238
4240,4239
4241,4242
4244,4243
4246,4245
4250,4251
4255,4254
4258,4259
4261,4260
4263,4262
4267,4266
4269,4270
4274,4275
4279,4278
4279,4280
4284,4283
4286,4285
4288,4287
4288,4289
4291,4290
4294,4295
4297,4298
4300,4299
4300,4301
4304,4303
4304,4305
4308,4307
4310,4309
4312,4311
4316,4315
4317,4318
4323,4322
4324,4325
4328,4326
4328,4327
4330,4331
4334,4335
4339,4338
4341,4342
4344,4345
4348,4346
4348,4347
4351,4349
4351,4350
4353,4352
4354,4355
4356,4357
4358,4359
4360,4361
4362,4363
4362,4364
4367,4365
4367,4366
4369,4368
4375,4372
4375,4373
4375,4374
4381,4382
4383,4384
4386,4387
4390,4391
4393,4392
4395,4396
4398,4397
4398,4399
4401,4402
4404,4405
4425,4423
4425,4424
4438,4430
4438,4431
4438,4432
4438,4433
4438,4434
4438,4435
4438,4436
4438,4437
4438,4439
4444,4443
4450,4451
4450,4452
4454,4453
4454,4455
4454,4456
4458,4457
4458,4459
4458,4460
4458,4461
4458,4462
4464,4463
4464,4465
4464,4466
4464,4467
4475,4469
4475,4470
4475,4471
4475,4472
4475,4473
4475,4474
4477,4476
4480,4479
4485,4484
4487,4486
4489,4488
4491,4490
4494,4493
4499,4496
4499,4497
4499,4498
4504,4505
4504,4506
4508,4507
4508,4509
4511,4512
4511,4513
4514,4515
4518,4516
4518,4517
4518,4519
4518,4520
4524,4523
4527,4526
4531,4532
4534,4535
4536,4537
4543,4542
4543,4544
4546,4545
4546,4547
4546,4548
4546,4549
4551,4550
4554,4553
4554,4555
4554,4556
4554,4557
4559,4558
4559,4560
4559,4561
4564,4563
4564,4565
4564,4566
4568,4567
4570,4569
4571,4572
4571,4573
4575,4574
4576,4577
4576,4578
4576,4579
4576,4580
4581,4582
4583,4584
4586,4587
4591,4590
4591,4592
4594,4593
4596,4595
4596,4597
4599,4598
4600,4601
4605,4604
4611,4610
4611,4612
4611,4613
4611,4614
4616,4615
4616,4617
4616,4618
4621,4619
4621,4620
4621,4622
4626,4623
4626,4624
4626,4625
4628,4627
4629,4630
4632,4631
4634,4633
4634,4635
4634,4636
4637,4638
4637,4639
4643,4642
4643,4644
4647,4646
4650,4649
4650,4651
4650,4652
4650,4653
4656,4655
4656,4657
4656,4658
4656,4659
4656,4660
4662,4661
4662,4663
4662,4664
4666,4665
4666,4667
4669,4670
4669,4671
4669,4672
4676,4675
4679,4678
4682,4681
4682,4683
4682,4684
4682,4685
4682,4686
4682,4687
4688,4689
4691,4692
4693,4694
4693,4695
4699,4698
4705,4706
4711,4712
4711,4713
4711,4714
4715,4716
4718,4717
4719,4720
4721,4722
4721,4723
4725,4726
4729,4728
4733,4731
4733,4732
4733,4734
4736,4737
4738,4739
4738,4740
4738,4741
4744,4742
4744,4743
4747,4746
4749,4748
4752,4751
4756,4757
4756,4758
4761,4759
4761,4760
4764,4762
4764,4763
4764,4765
4766,4767
4769,4768
4769,4770
4772,4771
4772,4773
4775,4776
4775,4777
4778,4779
4784,4785
4787,4786
4793,4792
4794,4795
4794,4796
4794,4797
4799,4800
4799,4801
4803,4802
4804,4805
4807,4806
4807,4808
4809,4810
4809,4811
4809,4812
4815,4814
4816,4817
4818,4819
4824,4822
4824,4823
4824,4825
4826,4827
4826,4828
4826,4829
4826,4830
4832,4831
4832,4833
4835,4834
4835,4836
4835,4837
4839,4838
4842,4840
4842,4841
4845,4844
4847,4846
4849,4848
4849,4850
4849,4851
4849,4852
4849,4853
4856,4855
4856,4857
4856,4858
4860,4861
4863,4862
4865,4864
4865,4866
4865,4867
4865,4868
4871,4869
4871,4870
4874,4872
4874,4873
4876,4875
4876,4877
4879,4878
4882,4881
4886,4885
4886,4887
4888,4889
4893,4891
4893,4892
4895,4894
4895,4896
4899,4897
4899,4898
4899,4900
4902,4901
4902,4903
4902,4904
4906,4905
4908,4907
4909,4910
4912,4911
4912,4913
4915,4914
4918,4919
4918,4920
4922,4921
4924,4923
4924,4925
4928,4927
4928,4929
4931,4930
4931,4932
4934,4933
4936,4935
4937,4938
4940,4941
4949,4948
4953,4951
4953,4952
4954,4955
4958,4957
4961,4959
4961,4960
4961,4962
4965,4963
4965,4964
4965,4966
4967,4968
4972,4969
4972,4970
4972,4971
4974,4973
4976,4975
4976,4977
4981,4982
4986,4985
4986,4987
4989,4988
4992,4991
4992,4993
4997,4998
5003,5002
5003,5004
5009,5005
5009,5006
5009,5007
5009,5008
5011,5010
5011,5012
5014,5013
5014,5015
5014,5016
5018,5017
5018,5019
5021,5020
5021,5022
5024,5025
5027,5026
5027,5028
5027,5029
5032,5030
5032,5031
5032,5033
5036,5034
5036,5035
5039,5038
5045,5040
5045,5041
5045,5042
5045,5043
5045,5044
5045,5046
5048,5047
5048,5049
5048,5050
5053,5051
5053,5052
5053,5054
5053,5055
5057,5056
5057,5058
5057,5059
5063,5060
5063,5061
5063,5062
5063,5064
5066,5065
5066,5067
5069,5068
5069,5070
5069,5071
5069,5072
5069,5073
5075,5074
5077,5076
5077,5078
5080,5079
5082,5081
5082,5083
5085,5084
5090,5089
5092,5091
5095,5096
5098,5099
5102,5100
5102,5101
5106,5105
5109,5107
5109,5108
5109,5110
5111,5112
5114,5113
5115,5116
5118,5117
5118,5119
5122,5120
5122,5121
5122,5123
5125,5124
5125,5126
5125,5127
5128,5129
5132,5130
5132,5131
5132,5133
5132,5134
5132,5135
5132,5136
5132,5137
5138,5139
5138,5140
5143,5141
5143,5142
5143,5144
5146,5145
5146,5147
5146,5148
5146,5149
5151,5150
5153,5152
5158,5157
5161,5160
5164,5163
5164,5165
5164,5166
5164,5167
5170,5171
5173,5172
5173,5174
5176,5175
5176,5177
5180,5178
5180,5179
5180,5181
5183,5182
5183,5184
5183,5185
5188,5186
5188,5187
5188,5189
5188,5190
5192,5191
5192,5193
5195,5194
5195,5196
5195,5197
5195,5198
5195,5199
5201,5200
5203,5202
5205,5204
5208,5207
5208,5209
5208,5210
5208,5211
5214,5213
5216,5215
5221,5220
5224,5223
5224,5225
5231,5230
5232,5233
5232,5234
5236,5235
5236,5237
5239,5238
5242,5240
5242,5241
5245,5246
5248,5247
5250,5249
5250,5251
5250,5252
5250,5253
5250,5254
5259,5257
5259,5258
5262,5263
5262,5264
5262,5265
5262,5266
5271,5269
5271,5270
5271,5272
5274,5273
5276,5275
5276,5277
5276,5278
5276,5279
5282,5280
5282,5281
5284,5283
5284,5285
5287,5286
5287,5288
5291,5290
5291,5292
5291,5293
5295,5294
5297,5298
5297,5299
5297,5300
5297,5301
5297,5302
5304,5303
5304,5305
5304,5306
5304,5307
5310,5308
5310,5309
5311,5312
5311,5313
5315,5314
5315,5316
5315,5317
5315,5318
5315,5319
5324,5320
5324,5321
5324,5322
5324,5323
5326,5325
5326,5327
5326,5328
5326,5329
5326,5330
5332,5331
5334,5333
5334,5335
5334,5336
5334,5337
5334,5338
5334,5339
5341,5340
5346,5342
5346,5343
5346,5344
5346,5345
5346,5347
5349,5348
5352,5350
5352,5351
5353,5354
5353,5355
5353,5356
5357,5358
5359,5360
5359,5361
5363,5362
5363,5364
5363,5365
5366,5367
5371,5369
5371,5370
5375,5372
5375,5373
5375,5374
5377,5376
5377,5378
5381,5379
5381,5380
5383,5382
5386,5384
5386,5385
5386,5387
5388,5389
5388,5390
5393,5392
5393,5394
5393,5395
5398,5397
5400,5399
5400,5401
5404,5402
5404,5403
5404,5405
5410,5408
5410,5409
5412,5411
5412,5413
5415,5414
5415,5416
5415,5417
5419,5418
5423,5420
5423,5421
5423,5422
5427,5424
5427,5425
5427,5426
5427,5428
5430,5429
5430,5431
5430,5432
5434,5433
5434,5435
5434,5436
5438,5437
5439,5440
5442,5441
5442,5443
5442,5444
5442,5445
5447,5446
5447,5448
5451,5449
5451,5450
5453,5452
5453,5454
5456,5455
5459,5458
5461,5460
5465,5462
5465,5463
5465,5464
5467,5466
5467,5468
5467,5469
5471,5470
5471,5472
5475,5474
5475,5476
5478,5477
5478,5479
5480,5481
5484,5482
5484,5483
5486,5485
5486,5487
5488,5489
5490,5491
5492,5493
5492,5494
5495,5496
5499,5497
5499,5498
5502,5501
5504,5503
5506,5505
5508,5507
5510,5509
5513,5512
5515,5514
5515,5516
5520,5519
5526,5525
5528,5527
5528,5529
5530,5531
5537,5538
5539,5540
5542,5543
5545,5546
5550,5548
5550,5549
5550,5551
5553,5552
5553,5554
5555,5556
5558,5557
5560,5559
5560,5561
5562,5563
5564,5565
5568,5566
5568,5567
5570,5569
5570,5571
5570,5572
5574,5573
5575,5576
5580,5577
5580,5578
5580,5579
5583,5581
5583,5582
5584,5585
5584,5586
5584,5587
5588,5589
5588,5590
5592,5591
5592,5593
5592,5594
5592,5595
5592,5596
5601,5597
5601,5598
5601,5599
5601,5600
5603,5602
5603,5604
5603,5605
5608,5606
5608,5607
5608,5609
5608,5610
5614,5611
5614,5612
5614,5613
5616,5615
5616,5617
5619,5618
5619,5620
5622,5621
5622,5623
5626,5625
5628,5627
5632,5629
5632,5630
5632,5631
5634,5633
5634,5635
5634,5636
5634,5637
5640,5638
5640,5639
5640,5641
5642,5643
5645,5644
5645,5646
5647,5648
5650,5649
5650,5651
5653,5652
5655,5654
5656,5657
5656,5658
5660,5659
5660,5661
5664,5662
5664,5663
5665,5666
5665,5667
5670,5668
5670,5669
5672,5671
5672,5673
5678,5674
5678,5675
5678,5676
5678,5677
5679,5680
5683,5681
5683,5682
5685,5684
5685,5686
5688,5687
5690,5689
5690,5691
5693,5692
5695,5696
5695,5697
5698,5699
5701,5700
5701,5702
5704,5703
5704,5705
5704,5706
5709,5707
5709,5708
5709,5710
5712,5711
5712,5713
5712,5714
5716,5715
5718,5717
5718,5719
5745,5744
5775,5776
5796,5795
5798,5797
5799,5800
5804,5803
5806,5805
5808,5807
5809,5810
5811,5812
5814,5813
5839,5838
5839,5840
5842,5841
5872,5871
5874,5873
5880,5881
5885,5884
5888,5887
5891,5892
5894,5893
5896,5895
5897,5898
5900,5899
5902,5901
5903,5904
5905,5906
5908,5907
5908,5909
5911,5910
5913,5912
5915,5914
5915,5916
5918,5917
5920,5919
5920,5921
5923,5922
5923,5924
5926,5925
5928,5927
5930,5929
5930,5931
5933,5932
5935,5934
5937,5936
5938,5939
5941,5940
5943,5942
5944,5945
5946,5947
5948,5949
5953,5951
5953,5952
5953,5954
5960,5959
5967,5964
5967,5965
5967,5966
5972,5969
5972,5970
5972,5971
5972,5973
5975,5974
5981,5980
5990,5989
5992,5991
5996,5994
5996,5995
5996,5997
5998,5999
6001,6002
6001,6003
6005,6006
6007,6008
6009,6010
6011,6012
6014,6013
6014,6015
6016,6017
6019,6018
6021,6022
6112,6111
6151,6150
6241,6242
6241,6243
6241,6244
6241,6245
6249,6247
6249,6248
6251,6250
6251,6252
6260,6261
6328,6329
6338,6339
6348,6347
6354,6352
6354,6353
6354,6355
6357,6358
6357,6359
6398,6397
6408,6409
6410,6411
6419,6418
6432,6433
6511,6510
6516,6517
6532,6533
6550,6549
6564,6565
6566,6567
6576,6575
6576,6577
6586,6585
6596,6595
6596,6597
6602,6601
6616,6617
6620,6619
6625,6624
6676,6675
6677,6678
6684,6683
6684,6685
6686,6687
6686,6688
6696,6695
6696,6697
6698,6699
6707,6706
6712,6711
6712,6713
6758,6759
6758,6760
6801,6802
6816,6817
6834,6835
6858,6859
6860,6861
6863,6862
6864,6865
6870,6869
6897,6896
6919,6918
6924,6925
6924,6926
6924,6927
6940,6939
6940,6941
6942,6943
6948,6949
6950,6951
6950,6952
6955,6956
6958,6957
6960,6959
6962,6961
6962,6963
6966,6964
6966,6965
6975,6976
6978,6977
6979,6980
6981,6982
6984,6985
6988,6986
6988,6987
6988,6989
6990,6991
6992,6993
6994,6995
6994,6996
6994,6997
6998,6999
7001,7000
7001,7002
7003,7004
7006,7005
7008,7007
7010,7009
7012,7011
7015,7013
7015,7014
7017,7016
7019,7018
7022,7020
7022,7021
7022,7023
7022,7024
7022,7025
7026,7027
7026,7028
7026,7029
7032,7030
7032,7031
7033,7034
7035,7036
7035,7037
7039,7038
7041,7040
7042,7043
7044,7045
7044,7046
7047,7048
7049,7050
7053,7051
7053,7052
7053,7054
7053,7055
7059,7056
7059,7057
7059,7058
7060,7061
7060,7062
7060,7063
7065,7064
7065,7066
7065,7067
7071,7068
7071,7069
7071,7070
7072,7073
7076,7074
7076,7075
7076,7077
7078,7079
7078,7080
7078,7081
7082,7083
7082,7084
7082,7085
7089,7086
7089,7087
7089,7088
7089,7090
7089,7091
7092,7093
7092,7094
7095,7096
7098,7097
7098,7099
7098,7100
7101,7102
7103,7104
7105,7106
7108,7107
7108,7109
7108,7110
7113,7112
7113,7114
7113,7115
7113,7116
7117,7118
7120,7119
7121,7122
7123,7124
7125,7126
7127,7128
7129,7130
7131,7132
7133,7134
7162,7157
7162,7158
7162,7159
7162,7160
7162,7161
7166,7165
7166,7167
7196,7195
7198,7197
7200,7199
7249,7250
7258,7257
7266,7265
7266,7267
7266,7268
7280,7279
7315,7316
7327,7326
7335,7334
7339,7338
7353,7354
7357,7358
7361,7360
7361,7362
7419,7418
7450,7451
7458,7459
7461,7460
7463,7462
7463,7464
7467,7466
7468,7469
7470,7471
7474,7473
7474,7475
7477,7476
7479,7478
7479,7480
7483,7484
7488,7489
7490,7491
7494,7493
7497,7496
7532,7531
7554,7555
7556,7557
7558,7559
7560,7561
7563,7562
7565,7564
7566,7567
7569,7568
7571,7570
7573,7572
7574,7575
7576,7577
7578,7579
7580,7581
7583,7582
7584,7585
7586,7587
7588,7589
7590,7591
7592,7593
7594,7595
7597,7596
7598,7599
7601,7600
7602,7603
7604,7605
7607,7606
7609,7608
7611,7610
7613,7612
7615,7614
7617,7616
7618,7619
7621,7622
7675,7674
7675,7676
7683,7682
7684,7685
7687,7686
7692,7691
7692,7693
7696,7695
7703,7702
7705,7704
7708,7706
7708,7707
7708,7709
7712,7711
7712,7713
7714,7715
7717,7716
7717,7718
7720,7719
7720,7721
7720,7722
7720,7723
7720,7724
7726,7725
7726,7727
7726,7728
7726,7729
7726,7730
7726,7731
7733,7732
7736,7734
7736,7735
7739,7738
7739,7740
7739,7741
7743,7742
7744,7745
7747,7746
7747,7748
7749,7750
7752,7751
7753,7754
7756,7755
7756,7757
7762,7763
7764,7765
7766,7767
7768,7769
7772,7771
7775,7774
7779,7778
7781,7782
7781,7783
7781,7784
7787,7788
7789,7790
7793,7792
7795,7794
7797,7796
7800,7799
7800,7801
7808,7807
7810,7809
7810,7811
7810,7812
7815,7816
7815,7817
7818,7819
7818,7820
7822,7821
7823,7824
7823,7825
7828,7826
7828,7827
7830,7829
7832,7831
7832,7833
7834,7835
7837,7836
7839,7838
7840,7841
7842,7843
7844,7845
7846,7847
7849,7848
7851,7850
7853,7854
7856,7855
7858,7857
7859,7860
7862,7861
7863,7864
7865,7866
7865,7867
7868,7869
7874,7875
7877,7878
7879,7880
7882,7881
7884,7885
7888,7887
7890,7891
7892,7893
7895,7894
7897,7898
7899,7900
7901,7902
7908,7906
7908,7907
7911,7912
7913,7914
7924,7923
7926,7927
7926,7928
7933,7934
7938,7939
7941,7940
7941,7942
7955,7956
7960,7961
7962,7963
7965,7964
7966,7967
7968,7969
7971,7970
7972,7973
7974,7975
7977,7976
7979,7978
7981,7980
7982,7983
7985,7984
7987,7986
7988,7989
7990,7991
7998,7997
8000,8001
8007,8008
8010,8009
8011,8012
8014,8013
8014,8015
8016,8017
8016,8018
8016,8019
8022,8020
8022,8021
8022,8023
8025,8024
8025,8026
8030,8027
8030,8028
8030,8029
8030,8031
8033,8032
8033,8034
8037,8036
8043,8038
8043,8039
8043,8040
8043,8041
8043,8042
8045,8044
8047,8046
8047,8048
8051,8049
8051,8050
8053,8052
8053,8054
8053,8055
8056,8057
8056,8058
8061,8059
8061,8060
8063,8062
8063,8064
8067,8065
8067,8066
8067,8068
8070,8069
8070,8071
8070,8072
8075,8073
8075,8074
8077,8076
8077,8078
8080,8079
8080,8081
8082,8083
8082,8084
8085,8086
8085,8087
8089,8088
8089,8090
8089,8091
8093,8092
8093,8094
8093,8095
8097,8098
8097,8099
8103,8100
8103,8101
8103,8102
8106,8107
8108,8109
8111,8110
8112,8113
8115,8114
8117,8116
8119,8118
8121,8120
8123,8122
8125,8124
8126,8127
8129,8128
8131,8130
8133,8132
8135,8134
8137,8136
8138,8139
8140,8141
8143,8142
8145,8144
8147,8146
8149,8148
8151,8150
8155,8152
8155,8153
8155,8154
8157,8156
8159,8158
8161,8160
8163,8162
8163,8164
8166,8165
8168,8167
8170,8169
8171,8172
8174,8173
8176,8175
8178,8177
8179,8180
8182,8181
8184,8183
8188,8185
8188,8186
8188,8187
8190,8189
8190,8191
8190,8192
8194,8193
8196,8195
8198,8197
8200,8199
8202,8201
8204,8203
8206,8205
8208,8207
8210,8209
8210,8211
8213,8212
8214,8215
8217,8216
8219,8220
8222,8221
8224,8223
8227,8225
8227,8226
8229,8228
8231,8230
8233,8232
8235,8234
8236,8237
8239,8238
8241,8240
8241,8242
8241,8243
8245,8244
8247,8246
8249,8248
8249,8250
8252,8251
8252,8253
8255,8254
8257,8256
8259,8258
8261,8260
8263,8262
8265,8264
8266,8267
8268,8269
8271,8270
8273,8272
8273,8274
8276,8275
8278,8277
8279,8280
8282,8281
8284,8283
8286,8285
8286,8287
8290,8288
8290,8289
8292,8291
8294,8293
8296,8295
8296,8297
8300,8298
8300,8299
8302,8301
8304,8303
8306,8305
8308,8307
8309,8310
8313,8312
8315,8314
8315,8316
8318,8317
8318,8319
8320,8321
8323,8322
8323,8324
8323,8325
8327,8326
8327,8328
8330,8329
8332,8331
8334,8333
8334,8335
8337,8336
8339,8338
8339,8340
8342,8341
8344,8343
8344,8345
8347,8346
8347,8348
8350,8349
8350,8351
8352,8353
8352,8354
8352,8355
8358,8356
8358,8357
8358,8359
8362,8361
8362,8363
8362,8364
8362,8365
8369,8366
8369,8367
8369,8368
8369,8370
8369,8371
8374,8373
8374,8375
8377,8376
8377,8378
8380,8379
8380,8381
8383,8382
8383,8384
8388,8385
8388,8386
8388,8387
8390,8389
8390,8391
8390,8392
8394,8393
8394,8395
8394,8396
8399,8397
8399,8398
8399,8400
8401,8402
8401,8403
8405,8404
8405,8406
8408,8407
8408,8409
8411,8410
8411,8412
8414,8413
8414,8415
8417,8416
8417,8418
8421,8420
8424,8423
8431,8430
8433,8432
8435,8434
8437,8436
8438,8439
8441,8440
8442,8443
8445,8444
8447,8446
8449,8448
8451,8450
8453,8452
8453,8454
8461,8460
8468,8467
8471,8470
8475,8474
8478,8477
8482,8483
8482,8484
8485,8486
8488,8487
8490,8489
8492,8491
8494,8493
8499,8498
8504,8502
8504,8503
8507,8505
8507,8506
8507,8508
8510,8509
8510,8511
8514,8512
8514,8513
8517,8515
8517,8516
8520,8518
8520,8519
8520,8521
8520,8522
8520,8523
8524,8525
8531,8526
8531,8527
8531,8528
8531,8529
8531,8530
8531,8532
8537,8533
8537,8534
8537,8535
8537,8536
8537,8538
8537,8539
8542,8540
8542,8541
8542,8543
8542,8544
8542,8545
8542,8546
8548,8547
8548,8549
8548,8550
8548,8551
8552,8553
8552,8554
8552,8555
8552,8556
8558,8557
8558,8559
8558,8560
8558,8561
8562,8563
8562,8564
8565,8566
8565,8567
8569,8568
8569,8570
8569,8571
8574,8572
8574,8573
8574,8575
8577,8576
8577,8578
8580,8579
8580,8581
8584,8583
8587,8585
8587,8586
8587,8588
8587,8589
8587,8590
8593,8591
8593,8592
8596,8594
8596,8595
8599,8597
8599,8598
8602,8600
8602,8601
8605,8603
8605,8604
8608,8606
8608,8607
8611,8609
8611,8610
8612,8613
8612,8614
8617,8615
8617,8616
8618,8619
8618,8620
8622,8621
8624,8623
8625,8626
8628,8627
8636,8635
8641,8640
8644,8643
8645,8646
8645,8647
8652,8651
8654,8653
8654,8655
8665,8664
8673,8672
8678,8679
8680,8681
8684,8683
8694,8693
8694,8695
8723,8722
8725,8724
8727,8726
8729,8728
8729,8730
8729,8731
8732,8733
8732,8734
8732,8735
8736,8737
8736,8738
8739,8740
8739,8741
8739,8742
8744,8743
8762,8759
8762,8760
8762,8761
8790,8789
8796,8797
8798,8799
8803,8804
8806,8807
8808,8809
8811,8810
8813,8812
8815,8814
8817,8816
8818,8819
8820,8821
8823,8822
8825,8824
8827,8826
8828,8829
8830,8831
8832,8833
8839,8838
8841,8840
8843,8842
8845,8844
8846,8847
8854,8855
8877,8876
8877,8878
8882,8881
8882,8883
8884,8885
8889,8887
8889,8888
8890,8891
8929,8928
8936,8937
8996,8995
9015,9016
9018,9017
9020,9019
9060,9061
9064,9065
9066,9067
9068,9069
9076,9075
9106,9107
9137,9138
9139,9140
9181,9182
9185,9184
9186,9187
9188,9189
9193,9194
9201,9202
9203,9204
9208,9207
9214,9213
9216,9217
9221,9220
9223,9222
9225,9224
9227,9226
9230,9229
9232,9231
9232,9233
9235,9234
9237,9236
9238,9239
9241,9242
9245,9243
9245,9244
9248,9247
9251,9250
9252,9253
9255,9256
9264,9263
9285,9284
9285,9286
9290,9289
9292,9291
9292,9293
9294,9295
9299,9300
9299,9301
9305,9304
9308,9309
9311,9310
9312,9313
9318,9317
9321,9322
9327,9328
9340,9339
9343,9342
9345,9344
9347,9346
9349,9348
9351,9352
9354,9353
9358,9357
9360,9359
9364,9363
9367,9366
9376,9377
9378,9379
9427,9426
9468,9469
9470,9471
9483,9484
9566,9565
9608,9609
9617,9616
9617,9618
9624,9623
9626,9625
9670,9671
9677,9678
9680,9681
9689,9688
9694,9692
9694,9693
9707,9708
9717,9716
9731,9730
9754,9753
9770,9771
9775,9776
9782,9783
9828,9827
9831,9830
9835,9836
9848,9849
9861,9862
9868,9867
9872,9871
9873,9874
9877,9878
9880,9881
9895,9894
9898,9897
9919,9918
9926,9925
9927,9928
9988,9987
10000,10001
10004,10003
10010,10009
10045,10044
10047,10046
10049,10048
10050,10051
10052,10053
10055,10054
10056,10057
10058,10059
10061,10060
10062,10063
10065,10064
10067,10066
10069,10068
10070,10071
10073,10072
10091,10090
10118,10117
10120,10119
10122,10121
10155,10154
10162,10163
10176,10175
10190,10189
10192,10193
10260,10259
10261,10262
10263,10264
10265,10266
10325,10324
10327,10328
10332,10331
10333,10334
10333,10335
10336,10337
10340,10341
10340,10342
10345,10344
10345,10346
10348,10347
10348,10349
10348,10350
10348,10351
10353,10352
10353,10354
10355,10356
10358,10359
10361,10362
10365,10364
10366,10367
10370,10369
10372,10371
10373,10374
10373,10375
10373,10376
10377,10378
10379,10380
10382,10381
10382,10383
10389,10385
10389,10386
10389,10387
10389,10388
10392,10390
10392,10391
10394,10395
10394,10396
10399,10397
10399,10398
10403,10402
10403,10404
10403,10405
10407,10406
10407,10408
10410,10409
10411,10412
10413,10414
10415,10416
10417,10418
10420,10419
10422,10423
10422,10424
10432,10431
10434,10435
10441,10442
10444,10443
10444,10445
10449,10448
10449,10450
10449,10451
10453,10452
10453,10454
10457,10455
10457,10456
10457,10458
10457,10459
10461,10462
10461,10463
10461,10464
10461,10465
10461,10466
10470,10469
10470,10471
10473,10472
10474,10475
10477,10476
10477,10478
10477,10479
10480,10481
10480,10482
10483,10484
10486,10485
10488,10487
10490,10489
10490,10491
10494,10495
10497,10496
10497,10498
10500,10499
10500,10501
10502,10503
10505,10504
10508,10507
10508,10509
10513,10511
10513,10512
10514,10515
10517,10516
10519,10518
10519,10520
10519,10521
10523,10522
10523,10524
10523,10525
10528,10526
10528,10527
10530,10531
10532,10533
10532,10534
10537,10536
10537,10538
10537,10539
10541,10540
10542,10543
10547,10544
10547,10545
10547,10546
10547,10548
10547,10549
10551,10550
10551,10552
10555,10553
10555,10554
10555,10556
10555,10557
10555,10558
10559,10560
10559,10561
10559,10562
10559,10563
10559,10564
10565,10566
10565,10567
10571,10572
10574,10573
10577,10576
10577,10578
10580,10579
10580,10581
10585,10584
10588,10587
10591,10590
10593,10594
10595,10596
10595,10597
10595,10598
10595,10599
10595,10600
10595,10601
10603,10602
10617,10616
10625,10624
10632,10633
10632,10634
10639,10637
10639,10638
10642,10641
10645,10646
10648,10647
10649,10650
10649,10651
10649,10652
10655,10653
10655,10654
10657,10656
10659,10658
10662,10660
10662,10661
10663,10664
10668,10669
10671,10670
10680,10679
10682,10683
10687,10685
10687,10686
10689,10688
10694,10692
10694,10693
10694,10695
10698,10697
10698,10699
10705,10701
10705,10702
10705,10703
10705,10704
10705,10706
10710,10709
10715,10714
10719,10718
10722,10720
10722,10721
10725,10723
10725,10724
10727,10726
10730,10729
10730,10731
10732,10733
10739,10738
10741,10740
10743,10742
10746,10745
10746,10747
10750,10751
10752,10753
10754,10755
10757,10756
10757,10758
10760,10759
10760,10761
10760,10762
10760,10763
10764,10765
10767,10766
10767,10768
10770,10769
10770,10771
10774,10773
10776,10777
10786,10785
10787,10788
10792,10789
10792,10790
10792,10791
10792,10793
10792,10794
10792,10795
10792,10796
10799,10797
10799,10798
10801,10800
10801,10802
10806,10805
10808,10807
10809,10810
10812,10811
10814,10813
10816,10817
10818,10819
10825,10826
10829,10827
10829,10828
10831,10832
10837,10836
10842,10841
10847,10848
10850,10849
10855,10852
10855,10853
10855,10854
10856,10857
10863,10862
10865,10864
10869,10868
10871,10872
10874,10875
10876,10877
10878,10879
10878,10880
10881,10882
10881,10883
10884,10885
10886,10887
10890,10891
10890,10892
10894,10895
10896,10897
10896,10898
10901,10900
10905,10904
10905,10906
10908,10909
10911,10910
10913,10912
10913,10914
10916,10915
10916,10917
10916,10918
10916,10919
10916,10920
10921,10922
10924,10923
10924,10925
10924,10926
10928,10927
10930,10929
10930,10931
10935,10933
10935,10934
10936,10937
10939,10938
10939,10940
10942,10943
10945,10944
10945,10946
10947,10948
10947,10949
10947,10950
10953,10952
10955,10954
10957,10958
10957,10959
10961,10960
10961,10962
10961,10963
10961,10964
10967,10966
10967,10968
10967,10969
10967,10970
10972,10971
10974,10973
10974,10975
10976,10977
10978,10979
10982,10983
10982,10984
10982,10985
10989,10986
10989,10987
10989,10988
10989,10990
10991,10992
10993,10994
10995,10996
10997,10998
11000,10999
11001,11002
11003,11004
11005,11006
11007,11008
11007,11009
11010,11011
11010,11012
11014,11013
11014,11015
11016,11017
11020,11019
11022,11021
11025,11024
11027,11026
11029,11028
11031,11030
11032,11033
11036,11035
11038,11037
11040,11039
11040,11041
11044,11043
11046,11045
11047,11048
11049,11050
11051,11052
11053,11054
11055,11056
11057,11058
11057,11059
11060,11061
11062,11063
11064,11065
11066,11067
11066,11068
11066,11069
11071,11070
11071,11072
11074,11073
11075,11076
11081,11078
11081,11079
11081,11080
11081,11082
11083,11084
11086,11085
11086,11087
11089,11088
11089,11090
11089,11091
11095,11092
11095,11093
11095,11094
11096,11097
11100,11098
11100,11099
11102,11101
11102,11103
11102,11104
11109,11107
11109,11108
11112,11111
11112,11113
11115,11114
11115,11116
11115,11117
11119,11118
11119,11120
11124,11121
11124,11122
11124,11123
11126,11125
11128,11127
11128,11129
11131,11130
11133,11132
11135,11134
11135,11136
11135,11137
11139,11138
11139,11140
11142,11141
11144,11143
11145,11146
11150,11147
11150,11148
11150,11149
11152,11151
11152,11153
11152,11154
11152,11155
11157,11156
11159,11158
11159,11160
11159,11161
11166,11164
11166,11165
11169,11168
11169,11170
11171,11172
11171,11173
11174,11175
11174,11176
11179,11178
11179,11180
11182,11181
11182,11183
11185,11184
11185,11186
11185,11187
11192,11190
11192,11191
11192,11193
11192,11194
11197,11196
11199,11198
11202,11203
11202,11204
11202,11205
11202,11206
11202,11207
11209,11208
11211,11210
11212,11213
11215,11214
11217,11216
11220,11218
11220,11219
11220,11221
11223,11222
11223,11224
11226,11225
11228,11227
11230,11229
11232,11231
11235,11234
11236,11237
11239,11238
11239,11240
11243,11242
11245,11244
11247,11246
11249,11248
11249,11250
11253,11252
11255,11254
11255,11256
11255,11257
11262,11258
11262,11259
11262,11260
11262,11261
11263,11264
11267,11266
11267,11268
11272,11269
11272,11270
11272,11271
11272,11273
11272,11274
11276,11275
11278,11277
11278,11279
11282,11281
11282,11283
11285,11284
11285,11286
11285,11287
11285,11288
11289,11290
11289,11291
11293,11292
11293,11294
11298,11295
11298,11296
11298,11297
11303,11300
11303,11301
11303,11302
11303,11304
11310,11311
11312,11313
11316,11315
11316,11317
11319,11318
11319,11320
11319,11321
11323,11322
11325,11324
11325,11326
11328,11327
11328,11329
11331,11330
11332,11333
11334,11335
11337,11336
11339,11338
11341,11340
11341,11342
11341,11343
11345,11344
11347,11346
11348,11349
11351,11350
11353,11352
11355,11354
11357,11356
11357,11358
11361,11360
11362,11363
11365,11364
11367,11366
11369,11368
11369,11370
11371,11372
11373,11374
11377,11378
11383,11380
11383,11381
11383,11382
11384,11385
11387,11386
11389,11388
11391,11390
11391,11392
11391,11393
11391,11394
11391,11395
11391,11396
11400,11397
11400,11398
11400,11399
11402,11401
11402,11403
11402,11404
11405,11406
11405,11407
11408,11409
11408,11410
11412,11411
11412,11413
11412,11414
11416,11415
11420,11421
11422,11423
11427,11425
11427,11426
11427,11428
11437,11436
11439,11438
11448,11447
11453,11452
11457,11456
11457,11458
11460,11459
11461,11462
11461,11463
11461,11464
11466,11465
11467,11468
11470,11469
11472,11473
11474,11475
11478,11477
11484,11485
11486,11487
11488,11489
11491,11490
11493,11494
11493,11495
11496,11497
11498,11499
11498,11500
11498,11501
11504,11502
11504,11503
11508,11505
11508,11506
11508,11507
11511,11512
11514,11513
11518,11517
11520,11519
11524,11525
11529,11530
11531,11532
11533,11534
11533,11535
11536,11537
11538,11539
11542,11541
11542,11543
11542,11544
11542,11545
11542,11546
11549,11548
11551,11550
11552,11553
11555,11554
11555,11556
11558,11557
11559,11560
11562,11561
11564,11563
11566,11565
11567,11568
11569,11570
11572,11571
11574,11573
11576,11575
11577,11578
11580,11579
11583,11582
11585,11584
11589,11588
11591,11590
11594,11592
11594,11593
11597,11596
11597,11598
11600,11599
11600,11601
11604,11605
11604,11606
11608,11607
11611,11610
11614,11613
11614,11615
11617,11616
11617,11618
11619,11620
11619,11621
11624,11623
11627,11628
11629,11630
11634,11633
11638,11635
11638,11636
11638,11637
11639,11640
11639,11641
11639,11642
11643,11644
11646,11645
11649,11647
11649,11648
11649,11650
11654,11653
11656,11655
11658,11657
11659,11660
11662,11661
11662,11663
11662,11664
11665,11666
11668,11667
11670,11669
11672,11671
11672,11673
11677,11674
11677,11675
11677,11676
11680,11678
11680,11679
11680,11681
11683,11682
11697,11698
11703,11702
11703,11704
11706,11705
11706,11707
11706,11708
11706,11709
11711,11710
11711,11712
11716,11715
11716,11717
11719,11718
11721,11720
11721,11722
11721,11723
11721,11724
11721,11725
11726,11727
11732,11731
11734,11733
11736,11735
11738,11737
11739,11740
11741,11742
11748,11746
11748,11747
11748,11749
11748,11750
11752,11751
11753,11754
11757,11756
11757,11758
11760,11759
11763,11762
11763,11764
11766,11765
11766,11767
11766,11768
11769,11770
11773,11772
11775,11776
11779,11778
11779,11780
11809,11803
11809,11804
11809,11805
11809,11806
11809,11807
11809,11808
11810,11811
11810,11812
11810,11813
11815,11814
11815,11816
11818,11817
11818,11819
11818,11820
11818,11821
11825,11823
11825,11824
11825,11826
11825,11827
11825,11828
11829,11830
11829,11831
11832,11833
11835,11834
11849,11850
11851,11852
11854,11853
11860,11861
11863,11862
11865,11864
11867,11866
11873,11872
11877,11878
11886,11887
11890,11889
11890,11891
11895,11894
11895,11896
11895,11897
11901,11900
11906,11907
11912,11911
11912,11913
11916,11915
11916,11917
11920,11919
11921,11922
11924,11925
11930,11929
11930,11931
11935,11932
11935,11933
11935,11934
11936,11937
11936,11938
11948,11941
11948,11942
11948,11943
11948,11944
11948,11945
11948,11946
11948,11947
11951,11949
11951,11950
11953,11952
11956,11954
11956,11955
11958,11957
11959,11960
11959,11961
11963,11962
11965,11964
11965,11966
11965,11967
11969,11968
11971,11970
11973,11972
11975,11974
11977,11976
11980,11979
11983,11982
11987,11985
11987,11986
11988,11989
11991,11990
11994,11993
11998,11995
11998,11996
11998,11997
11998,11999
12001,12000
12003,12002
12007,12005
12007,12006
12008,12009
12012,12011
12012,12013
12014,12015
12016,12017
12018,12019
12018,12020
12022,12023
12025,12024
12025,12026
12028,12027
12028,12029
12028,12030
12033,12031
12033,12032
12035,12034
12035,12036
12035,12037
12039,12040
12039,12041
12043,12042
12046,12045
12048,12047
12048,12049
12051,12050
12055,12054
12057,12058
12057,12059
12060,12061
12063,12062
12064,12065
12067,12066
12067,12068
12069,12070
12072,12073
12072,12074
12076,12077
12076,12078
12080,12081
12083,12084
12085,12086
12089,12088
12091,12092
12091,12093
12095,12094
12098,12097
12100,12099
12102,12103
12104,12105
12108,12106
12108,12107
12110,12109
12110,12111
12113,12112
12114,12115
12119,12118
12121,12120
12127,12126
12129,12128
12130,12131
12133,12132
12137,12136
12139,12138
12141,12140
12146,12144
12146,12145
12149,12147
12149,12148
12151,12150
12151,12152
12151,12153
12156,12155
12156,12157
12156,12158
12162,12163
12162,12164
12167,12165
12167,12166
12167,12168
12167,12169
12172,12170
12172,12171
12174,12173
12174,12175
12174,12176
12180,12178
12180,12179
12180,12181
12183,12182
12183,12184
12183,12185
12187,12186
12187,12188
12187,12189
12192,12191
12192,12193
12197,12195
12197,12196
12197,12198
12199,12200
12199,12201
12199,12202
12205,12203
12205,12204
12205,12206
12205,12207
12208,12209
12208,12210
12216,12212
12216,12213
12216,12214
12216,12215
12216,12217
12220,12218
12220,12219
12220,12221
12224,12223
12224,12225
12224,12226
12230,12227
12230,12228
12230,12229
12232,12231
12232,12233
12235,12234
12235,12236
12237,12238
12237,12239
12240,12241
12240,12242
12244,12243
12244,12245
12244,12246
12247,12248
12250,12249
12250,12251
12255,12253
12255,12254
12256,12257
12256,12258
12256,12259
12261,12260
12267,12262
12267,12263
12267,12264
12267,12265
12267,12266
12269,12268
12269,12270
12274,12271
12274,12272
12274,12273
12274,12275
12277,12276
12277,12278
12279,12280
12279,12281
12282,12283
12282,12284
12286,12285
12286,12287
12289,12288
12289,12290
12291,12292
12293,12294
12293,12295
12293,12296
12298,12299
12298,12300
12298,12301
12303,12302
12303,12304
12303,12305
12307,12306
12307,12308
12311,12309
12311,12310
12314,12312
12314,12313
12316,12315
12316,12317
12320,12319
12320,12321
12320,12322
12323,12324
12329,12325
12329,12326
12329,12327
12329,12328
12329,12330
12331,12332
12331,12333
12336,12335
12336,12337
12336,12338
12340,12339
12340,12341
12343,12342
12343,12344
12343,12345
12343,12346
12343,12347
12349,12348
12349,12350
12351,12352
12353,12354
12359,12356
12359,12357
12359,12358
12359,12360
12359,12361
12368,12366
12368,12367
12368,12369
12370,12371
12370,12372
12370,12373
12374,12375
12374,12376
12384,12383
12384,12385
12384,12386
12387,12388
12387,12389
12392,12390
12392,12391
12392,12393
12397,12394
12397,12395
12397,12396
12401,12398
12401,12399
12401,12400
12403,12402
12403,12404
12415,12413
12415,12414
12415,12416
12417,12418
12417,12419
12421,12420
12421,12422
12425,12423
12425,12424
12427,12426
12427,12428
12429,12430
12429,12431
12434,12432
12434,12433
12438,12435
12438,12436
12438,12437
12439,12440
12443,12441
12443,12442
12445,12444
12445,12446
12445,12447
12449,12448
12452,12451
12452,12453
12455,12454
12460,12456
12460,12457
12460,12458
12460,12459
12462,12461
12462,12463
12462,12464
12466,12465
12467,12468
12473,12470
12473,12471
12473,12472
12474,12475
12474,12476
12474,12477
12480,12478
12480,12479
12480,12481
12486,12482
12486,12483
12486,12484
12486,12485
12489,12488
12489,12490
12491,12492
12491,12493
12495,12496
12498,12497
12498,12499
12498,12500
12503,12504
12503,12505
12503,12506
12503,12507
12503,12508
12503,12509
12511,12510
12511,12512
12513,12514
12513,12515
12517,12516
12520,12518
12520,12519
12520,12521
12520,12522
12523,12524
12523,12525
12523,12526
12528,12527
12528,12529
12531,12530
12534,12533
12537,12535
12537,12536
12537,12538
12537,12539
12537,12540
12537,12541
12544,12545
12547,12546
12547,12548
12549,12550
12552,12551
12553,12554
12553,12555
12558,12557
12558,12559
12561,12560
12561,12562
12565,12566
12565,12567
12569,12570
12569,12571
12569,12572
12569,12573
12576,12574
12576,12575
12577,12578
12577,12579
12577,12580
12581,12582
12584,12583
12584,12585
12586,12587
12586,12588
12591,12592
12591,12593
12595,12594
12595,12596
12597,12598
12599,12600
12606,12605
12606,12607
12606,12608
12610,12611
12610,12612
12614,12613
12614,12615
12617,12616
12618,12619
12620,12621
12623,12622
12623,12624
12626,12625
12629,12627
12629,12628
12631,12630
12634,12632
12634,12633
12638,12635
12638,12636
12638,12637
12641,12639
12641,12640
12642,12643
12652,12651
12657,12653
12657,12654
12657,12655
12657,12656
12659,12658
12659,12660
12662,12661
12664,12663
12665,12666
12667,12668
12669,12670
12669,12671
12672,12673
12675,12674
12675,12676
12679,12678
12679,12680
12679,12681
12686,12685
12686,12687
12688,12689
12690,12691
12693,12692
12696,12694
12696,12695
12698,12697
12698,12699
12700,12701
12700,12702
12706,12703
12706,12704
12706,12705
12708,12709
12711,12712
12711,12713
12711,12714
12721,12720
12723,12722
12723,12724
12726,12725
12728,12727
12728,12729
12728,12730
12733,12732
12733,12734
12737,12735
12737,12736
12737,12738
12739,12740
12743,12741
12743,12742
12745,12744
12747,12746
12749,12750
12752,12751
12755,12753
12755,12754
12758,12757
12758,12759
12761,12760
12762,12763
12765,12764
12765,12766
12769,12767
12769,12768
12772,12770
12772,12771
12774,12773
12774,12775
12778,12776
12778,12777
12780,12779
12780,12781
12783,12782
12785,12784
12787,12786
12789,12790
12795,12794
12796,12797
12800,12799
12802,12801
12802,12803
12805,12804
12805,12806
12808,12807
12808,12809
12810,12811
12810,12812
12815,12814
12815,12816
12815,12817
12819,12818
12819,12820
12819,12821
12822,12823
12822,12824
12822,12825
12829,12827
12829,12828
12829,12830
12829,12831
12833,12832
12835,12834
12836,12837
12847,12838
12847,12839
12847,12840
12847,12841
12847,12842
12847,12843
12847,12844
12847,12845
12847,12846
12847,12848
12850,12849
12850,12851
12850,12852
12850,12853
12855,12854
12855,12856
12855,12857
12855,12858
12855,12859
12861,12862
12861,12863
12861,12864
12861,12865
12861,12866
12861,12867
12861,12868
12871,12869
12871,12870
12874,12873
12874,12875
12877,12876
12877,12878
12877,12879
12887,12886
12887,12888
12887,12889
12893,12892
12893,12894
12893,12895
12898,12899
12900,12901
12900,12902
12900,12903
12908,12904
12908,12905
12908,12906
12908,12907
12912,12909
12912,12910
12912,12911
12912,12913
12916,12914
12916,12915
12919,12918
12919,12920
12919,12921
12919,12922
12926,12924
12926,12925
12926,12927
12934,12933
12936,12935
12939,12938
12939,12940
12943,12944
12955,12948
12955,12949
12955,12950
12955,12951
12955,12952
12955,12953
12955,12954
12955,12956
12963,12957
12963,12958
12963,12959
12963,12960
12963,12961
12963,12962
12963,12964
12965,12966
12965,12967
12965,12968
12969,12970
12972,12971
12972,12973
12972,12974
12972,12975
12977,12976
12977,12978
12983,12979
12983,12980
12983,12981
12983,12982
12983,12984
12985,12986
12985,12987
12985,12988
12990,12989
12990,12991
12990,12992
12995,12994
12995,12996
12995,12997
12995,12998
13004,13003
13004,13005
13004,13006
13004,13007
13004,13008
13004,13009
13011,13010
13011,13012
13016,13015
13018,13017
13018,13019
13021,13020
13027,13025
13027,13026
13027,13028
13031,13030
13036,13035
13039,13038
13044,13043
13044,13045
13046,13047
13048,13049
13052,13051
13052,13053
13057,13055
13057,13056
13060,13059
13062,13063
13068,13067
13077,13073
13077,13074
13077,13075
13077,13076
13079,13078
13079,13080
13081,13082
13083,13084
13083,13085
13083,13086
13089,13087
13089,13088
13089,13090
13092,13093
13095,13094
13096,13097
13096,13098
13096,13099
13096,13100
13102,13101
13102,13103
13104,13105
13107,13106
13107,13108
13107,13109
13107,13110
13107,13111
13118,13114
13118,13115
13118,13116
13118,13117
13118,13119
13122,13120
13122,13121
13123,13124
13125,13126
13128,13127
13131,13132
13136,13134
13136,13135
13138,13137
13141,13139
13141,13140
13142,13143
13146,13147
13146,13148
13149,13150
13149,13151
13149,13152
13154,13153
13154,13155
13161,13156
13161,13157
13161,13158
13161,13159
13161,13160
13166,13165
13168,13167
13168,13169
13168,13170
13168,13171
13173,13172
13173,13174
13173,13175
13179,13176
13179,13177
13179,13178
13181,13180
13181,13182
13181,13183
13184,13185
13184,13186
13188,13187
13188,13189
13188,13190
13188,13191
13193,13192
13195,13194
13198,13196
13198,13197
13200,13199
13200,13201
13200,13202
13200,13203
13200,13204
13207,13205
13207,13206
13207,13208
13207,13209
13207,13210
13211,13212
13213,13214
13215,13216
13217,13218
13219,13220
13221,13222
13224,13223
13224,13225
13224,13226
13224,13227
13224,13228
13229,13230
13234,13231
13234,13232
13234,13233
13238,13237
13238,13239
13238,13240
13238,13241
13238,13242
13238,13243
13238,13244
13248,13245
13248,13246
13248,13247
13251,13250
13251,13252
13251,13253
13251,13254
13256,13255
13256,13257
13256,13258
13262,13261
13262,13263
13265,13264
13268,13269
13272,13271
13274,13273
13274,13275
13281,13276
13281,13277
13281,13278
13281,13279
13281,13280
13283,13282
13285,13284
13285,13286
13290,13288
13290,13289
13290,13291
13290,13292
13295,13296
13295,13297
13298,13299
13298,13300
13298,13301
13304,13302
13304,13303
13307,13306
13307,13308
13313,13309
13313,13310
13313,13311
13313,13312
13318,13314
13318,13315
13318,13316
13318,13317
13319,13320
13322,13321
13325,13323
13325,13324
13325,13326
13327,13328
13331,13329
13331,13330
13335,13332
13335,13333
13335,13334
13335,13336
13337,13338
13337,13339
13337,13340
13337,13341
13337,13342
13344,13343
13344,13345
13347,13346
13349,13348
13349,13350
13351,13352
13353,13354
13355,13356
13355,13357
13359,13358
13360,13361
13364,13363
13364,13365
13364,13366
13369,13367
13369,13368
13369,13370
13373,13372
13373,13374
13376,13375
13378,13377
13378,13379
13378,13380
13384,13383
13384,13385
13384,13386
13393,13389
13393,13390
13393,13391
13393,13392
13393,13394
13393,13395
13393,13396
13398,13397
13398,13399
13398,13400
13403,13402
13403,13404
13403,13405
13403,13406
13403,13407
13403,13408
13403,13409
13411,13410
13412,13413
13412,13414
13412,13415
13412,13416
13417,13418
13420,13419
13422,13421
13427,13423
13427,13424
13427,13425
13427,13426
13427,13428
13427,13429
13431,13430
13431,13432
13434,13433
13437,13436
13439,13438
13441,13440
13441,13442
13441,13443
13444,13445
13444,13446
13444,13447
13449,13448
13449,13450
13451,13452
13453,13454
13455,13456
13458,13459
13465,13461
13465,13462
13465,13463
13465,13464
13470,13467
13470,13468
13470,13469
13470,13471
13475,13472
13475,13473
13475,13474
13477,13476
13477,13478
13477,13479
13480,13481
13480,13482
13480,13483
13480,13484
13487,13485
13487,13486
13489,13488
13489,13490
13493,13494
13495,13496
13497,13498
13497,13499
13500,13501
13502,13503
13502,13504
13505,13506
13505,13507
13508,13509
13508,13510
13511,13512
13514,13515
13519,13520
13522,13521
13524,13523
13524,13525
13524,13526
13524,13527
13528,13529
13532,13530
13532,13531
13534,13533
13536,13535
13536,13537
13536,13538
13540,13539
13540,13541
13543,13542
13547,13544
13547,13545
13547,13546
13548,13549
13548,13550
13552,13551
13552,13553
13555,13554
13555,13556
13555,13557
13559,13558
13559,13560
13562,13561
13562,13563
13562,13564
13562,13565
13562,13566
13571,13570
13571,13572
13571,13573
13574,13575
13577,13578
13581,13580
13582,13583
13584,13585
13584,13586
13588,13587
13590,13589
13590,13591
13592,13593
13592,13594
13596,13595
13601,13597
13601,13598
13601,13599
13601,13600
13603,13602
13603,13604
13603,13605
13603,13606
13609,13607
13609,13608
13609,13610
13612,13613
13612,13614
13612,13615
13617,13616
13617,13618
13617,13619
13624,13620
13624,13621
13624,13622
13624,13623
13628,13625
13628,13626
13628,13627
13630,13629
13630,13631
13630,13632
13630,13633
13630,13634
13637,13635
13637,13636
13638,13639
13638,13640
13643,13641
13643,13642
13644,13645
13644,13646
13644,13647
13644,13648
13644,13649
13652,13650
13652,13651
13652,13653
13652,13654
13655,13656
13655,13657
13664,13658
13664,13659
13664,13660
13664,13661
13664,13662
13664,13663
13668,13665
13668,13666
13668,13667
13676,13675
13678,13677
13685,13684
13685,13686
13689,13690
13692,13691
13692,13693
13696,13697
13699,13700
13707,13706
13707,13708
13707,13709
13707,13710
13716,13714
13716,13715
13717,13718
13717,13719
13721,13720
13726,13724
13726,13725
13728,13727
13728,13729
13728,13730
13728,13731
13732,13733
13736,13734
13736,13735
13738,13737
13738,13739
13741,13740
13741,13742
13744,13743
13746,13745
13746,13747
13748,13749
13748,13750
13751,13752
13751,13753
13755,13754
13755,13756
13755,13757
13760,13758
13760,13759
13761,13762
13764,13763
13766,13765
13768,13767
13769,13770
13771,13772
13775,13773
13775,13774
13777,13776
13779,13778
13780,13781
13782,13783
13785,13784
13788,13786
13788,13787
13788,13789
13792,13793
13795,13794
13798,13797
13798,13799
13801,13800
13803,13802
13805,13804
13805,13806
13809,13808
13809,13810
13811,13812
13814,13813
13814,13815
13817,13816
13819,13818
13819,13820
13823,13824
13826,13825
13826,13827
13826,13828
13830,13829
13830,13831
13833,13832
13836,13834
13836,13835
13838,13837
13838,13839
13841,13840
13842,13843
13842,13844
13845,13846
13848,13847
13850,13849
13852,13851
13852,13853
13856,13854
13856,13855
13858,13857
13860,13859
13862,13861
13864,13863
13864,13865
13874,13866
13874,13867
13874,13868
13874,13869
13874,13870
13874,13871
13874,13872
13874,13873
13876,13875
13876,13877
13876,13878
13880,13879
13883,13882
13884,13885
13884,13886
13887,13888
13887,13889
13890,13891
13892,13893
13892,13894
13896,13895
13896,13897
13900,13898
13900,13899
13902,13901
13902,13903
13905,13904
13905,13906
13908,13909
13908,13910
13908,13911
13912,13913
13915,13914
13915,13916
13918,13917
13918,13919
13921,13920
13921,13922
13924,13923
13926,13925
13928,13927
13930,13929
13933,13931
13933,13932
13933,13934
13935,13936
13935,13937
13935,13938
13940,13939
13940,13941
13942,13943
13945,13944
13945,13946
13948,13947
13948,13949
13952,13951
13952,13953
13955,13954
13955,13956
13955,13957
13959,13958
13960,13961
13960,13962
13964,13963
13964,13965
13964,13966
13971,13972
13971,13973
13971,13974
13978,13976
13978,13977
13978,13979
13981,13980
13981,13982
13986,13985
13986,13987
13991,13992
13991,13993
13995,13994
14000,13999
14000,14001
14002,14003
14004,14005
14007,14006
14007,14008
14007,14009
14011,14012
14015,14013
14015,14014
14017,14016
14017,14018
14017,14019
14017,14020
14022,14021
14025,14024
14025,14026
14025,14027
14034,14033
14036,14035
14038,14037
14040,14039
14042,14041
14044,14043
14044,14045
14046,14047
14049,14048
14052,14050
14052,14051
14052,14053
14054,14055
14057,14056
14059,14058
14059,14060
14061,14062
14064,14063
14066,14065
14066,14067
14069,14068
14070,14071
14072,14073
14074,14075
14077,14076
14079,14078
14081,14080
14085,14082
14085,14083
14085,14084
14087,14086
14087,14088
14089,14090
14092,14091
14094,14093
14096,14095
14098,14097
14100,14101
14103,14102
14103,14104
14103,14105
14109,14108
14111,14110
14113,14114
14115,14116
14117,14118
14120,14119
14122,14121
14124,14123
14124,14125
14129,14128
14129,14130
14133,14132
14133,14134
14135,14136
14137,14138
14137,14139
14141,14140
14144,14143
14145,14146
14149,14147
14149,14148
14151,14150
14151,14152
14151,14153
14157,14158
14160,14159
14161,14162
14165,14164
14165,14166
14172,14171
14175,14174
14177,14176
14177,14178
14177,14179
14181,14180
14181,14182
14186,14184
14186,14185
14187,14188
14187,14189
14191,14190
14193,14192
14194,14195
14198,14197
14198,14199
14201,14200
14203,14202
14203,14204
14210,14206
14210,14207
14210,14208
14210,14209
14211,14212
14214,14215
14220,14219
14221,14222
14232,14233
14236,14234
14236,14235
14236,14237
14236,14238
14240,14239
14242,14241
14242,14243
14245,14244
14245,14246
14248,14247
14250,14249
14251,14252
14251,14253
14254,14255
14254,14256
14254,14257
14258,14259
14268,14267
14272,14270
14272,14271
14274,14273
14275,14276
14286,14283
14286,14284
14286,14285
14289,14288
14289,14290
14289,14291
14295,14296
14299,14297
14299,14298
14302,14300
14302,14301
14304,14303
14306,14305
14310,14311
14316,14315
14316,14317
14319,14320
14323,14322
14327,14326
14327,14328
14330,14329
14330,14331
14334,14332
14334,14333
14336,14335
14338,14337
14339,14340
14341,14342
14343,14344
14346,14345
14349,14348
14351,14350
14352,14353
14352,14354
14356,14355
14356,14357
14359,14358
14359,14360
14362,14361
14364,14365
14368,14367
14374,14372
14374,14373
14375,14376
14377,14378
14379,14380
14381,14382
14383,14384
14385,14386
14387,14388
14389,14390
14391,14392
14393,14394
14396,14395
14396,14397
14396,14398
14404,14403
14404,14405
14406,14407
14406,14408
14412,14411
14412,14413
14416,14415
14417,14418
14417,14419
14421,14420
14421,14422
14424,14423
14425,14426
14429,14428
14433,14431
14433,14432
14445,14444
14445,14446
14450,14449
14455,14453
14455,14454
14459,14458
14464,14463
14469,14468
14469,14470
14475,14474
14477,14476
14487,14488
14487,14489
14490,14491
14494,14495
14501,14502
14501,14503
14501,14504
14505,14506
14505,14507
14505,14508
14512,14511
14516,14517
14516,14518
14520,14519
14522,14521
14524,14523
14526,14525
14526,14527
14532,14531
14540,14541
14540,14542
14544,14543
14547,14546
14549,14548
14550,14551
14553,14552
14554,14555
14556,14557
14558,14559
14558,14560
14563,14561
14563,14562
14563,14564
14563,14565
14563,14566
14563,14567
14563,14568
14574,14573
14574,14575
14582,14583
14591,14590
14609,14608
14620,14621
14628,14629
14630,14631
14633,14632
14645,14646
14648,14647
14650,14649
14651,14652
14653,14654
14653,14655
14663,14659
14663,14660
14663,14661
14663,14662
14665,14666
14665,14667
14669,14668
14679,14680
14691,14690
14691,14692
14700,14699
14700,14701
14704,14705
14707,14708
14710,14709
14713,14712
14713,14714
14716,14715
14717,14718
14721,14720
14725,14724
14728,14727
14731,14730
14731,14732
14731,14733
14737,14738
14740,14739
14745,14744
14771,14770
14771,14772
14775,14776
14775,14777
14830,14828
14830,14829
14830,14831
14835,14836
14835,14837
14848,14849
14869,14870
14881,14880
14893,14892
14901,14900
14928,14927
14931,14932
14934,14935
14946,14945
14952,14953
14959,14958
15019,15018
15020,15021
15023,15022
15025,15024
15027,15026
15029,15028
15030,15031
15032,15033
15035,15034
15037,15036
15038,15039
15040,15041
15043,15042
15045,15044
15046,15047
15049,15048
15050,15051
15052,15053
15055,15054
15056,15057
15056,15058
15061,15059
15061,15060
15062,15063
15062,15064
15066,15065
15069,15067
15069,15068
15070,15071
15075,15072
15075,15073
15075,15074
15076,15077
15080,15078
15080,15079
15083,15081
15083,15082
15085,15084
15085,15086
15088,15087
15089,15090
15092,15091
15092,15093
15094,15095
15094,15096
15097,15098
15099,15100
15101,15102
15101,15103
15104,15105
15107,15106
15109,15108
15110,15111
15110,15112
15113,15114
15113,15115
15116,15117
15116,15118
15120,15119
15123,15121
15123,15122
15124,15125
15124,15126
15128,15127
15128,15129
15132,15130
15132,15131
15135,15133
15135,15134
15138,15136
15138,15137
15141,15139
15141,15140
15142,15143
15142,15144
15145,15146
15145,15147
15149,15148
15151,15150
15153,15152
15153,15154
15155,15156
15158,15157
15158,15159
15158,15160
15161,15162
15164,15163
15164,15165
15166,15167
15166,15168
15169,15170
15172,15171
15175,15173
15175,15174
15177,15176
15180,15178
15180,15179
15183,15181
15183,15182
15184,15185
15186,15187
15186,15188
15191,15189
15191,15190
15193,15192
15193,15194
15195,15196
15195,15197
15198,15199
15200,15201
15202,15203
15202,15204
15205,15206
15208,15207
15209,15210
15211,15212
15211,15213
15216,15214
15216,15215
15217,15218
15220,15219
15222,15221
15223,15224
15226,15225
15226,15227
15229,15228
15232,15230
15232,15231
15234,15233
15235,15236
15235,15237
15238,15239
15240,15241
15242,15243
15244,15245
15248,15246
15248,15247
15251,15249
15251,15250
15253,15252
15254,15255
15254,15256
15257,15258
15257,15259
15261,15260
15263,15262
15263,15264
15267,15265
15267,15266
15269,15268
15270,15271
15270,15272
15275,15273
15275,15274
15277,15276
15278,15279
15280,15281
15280,15282
15285,15283
15285,15284
15286,15287
15286,15288
15290,15289
15292,15291
15293,15294
15293,15295
15297,15296
15298,15299
15300,15301
15300,15302
15304,15303
15305,15306
15307,15308
15309,15310
15311,15312
15313,15314
15315,15316
15318,15317
15320,15319
15321,15322
15323,15324
15325,15326
15327,15328
15327,15329
15331,15330
15333,15332
15335,15334
15337,15336
15339,15338
15341,15340
15342,15343
15342,15344
15345,15346
15345,15347
15348,15349
15350,15351
15350,15352
15355,15353
15355,15354
15356,15357
15359,15358
15361,15360
15361,15362
15363,15364
15366,15365
15368,15367
15371,15369
15371,15370
15373,15372
15375,15374
15376,15377
15376,15378
15380,15379
15381,15382
15381,15383
15385,15384
15387,15386
15387,15388
15390,15389
15390,15391
15392,15393
15392,15394
15395,15396
15398,15397
15399,15400
15401,15402
15403,15404
15403,15405
15406,15407
15408,15409
15410,15411
15412,15413
15414,15415
15418,15416
15418,15417
15420,15419
15422,15421
15423,15424
15425,15426
15427,15428
15430,15429
15431,15432
15434,15433
15436,15435
15437,15438
15439,15440
15441,15442
15443,15444
15445,15446
15447,15448
15450,15449
15453,15451
15453,15452
15456,15454
15456,15455
15457,15458
15459,15460
15462,15461
15464,15463
15466,15465
15467,15468
15469,15470
15471,15472
15473,15474
15475,15476
15477,15478
15479,15480
15481,15482
15484,15483
15487,15485
15487,15486
15489,15488
15491,15490
15492,15493
15494,15495
15494,15496
15498,15497
15499,15500
15502,15501
15505,15503
15505,15504
15506,15507
15506,15508
15509,15510
15513,15511
15513,15512
15516,15514
15516,15515
15517,15518
15517,15519
15520,15521
15520,15522
15523,15524
15525,15526
15527,15528
15530,15529
15531,15532
15533,15534
15535,15536
15537,15538
15537,15539
15540,15541
15540,15542
15544,15543
15546,15545
15548,15547
15550,15549
15552,15551
15554,15553
15555,15556
15558,15557
15560,15559
15560,15561
15564,15562
15564,15563
15567,15565
15567,15566
15568,15569
15568,15570
15571,15572
15573,15574
15575,15576
15577,15578
15579,15580
15581,15582
15584,15583
15585,15586
15587,15588
15589,15590
15591,15592
15593,15594
15595,15596
15598,15597
15600,15599
15601,15602
15603,15604
15605,15606
15608,15607
15609,15610
15611,15612
15613,15614
15617,15615
15617,15616
15618,15619
15618,15620
15621,15622
15623,15624
15623,15625
15626,15627
15626,15628
15626,15629
15632,15630
15632,15631
15635,15633
15635,15634
15637,15636
15638,15639
15640,15641
15642,15643
15645,15644
15647,15646
15648,15649
15650,15651
15650,15652
15653,15654
15653,15655
15656,15657
15659,15658
15659,15660
15661,15662
15664,15663
15666,15665
15668,15667
15669,15670
15672,15671
15673,15674
15675,15676
15677,15678
15680,15679
15681,15682
15684,15683
15686,15685
15687,15688
15690,15689
15690,15691
15692,15693
15692,15694
15695,15696
15697,15698
15700,15699
15701,15702
15701,15703
15705,15704
15707,15706
15708,15709
15712,15710
15712,15711
15714,15713
15714,15715
15717,15716
15718,15719
15721,15720
15722,15723
15724,15725
15727,15726
15729,15728
15730,15731
15732,15733
15734,15735
15736,15737
15739,15738
15741,15740
15742,15743
15745,15744
15746,15747
15749,15748
15751,15750
15753,15752
15755,15754
15757,15756
15759,15758
15761,15760
15762,15763
15765,15764
15767,15766
15768,15769
15771,15770
15772,15773
15774,15775
15776,15777
15779,15778
15781,15780
15783,15782
15785,15784
15787,15786
15789,15788
15791,15790
15792,15793
15795,15794
15796,15797
15798,15799
15800,15801
15802,15803
15804,15805
15807,15806
15809,15808
15810,15811
15812,15813
15815,15814
15815,15816
15817,15818
15820,15819
15822,15821
15823,15824
15826,15825
15827,15828
15830,15829
15831,15832
15833,15834
15837,15835
15837,15836
15838,15839
15840,15841
15840,15842
15840,15843
15844,15845
15846,15847
15849,15848
15851,15850
15854,15852
15854,15853
15855,15856
15858,15857
15860,15859
15862,15861
15864,15863
15865,15866
15868,15867
15869,15870
15872,15871
15874,15873
15874,15875
15877,15876
15880,15878
15880,15879
15883,15881
15883,15882
15886,15884
15886,15885
15887,15888
15889,15890
15891,15892
15894,15893
15895,15896
15897,15898
15899,15900
15901,15902
15903,15904
15906,15905
15908,15907
15909,15910
15911,15912
15913,15914
15915,15916
15917,15918
15920,15919
15921,15922
15923,15924
15927,15925
15927,15926
15928,15929
15928,15930
15931,15932
15931,15933
15934,15935
15934,15936
15937,15938
15940,15939
15940,15941
15942,15943
15942,15944
15945,15946
15947,15948
15947,15949
15950,15951
15950,15952
15953,15954
15953,15955
15956,15957
15958,15959
15958,15960
15963,15961
15963,15962
15964,15965
15967,15966
16226,16225
16226,16227
16230,16228
16230,16229
16230,16231
16230,16232
16237,16236
16242,16243
16242,16244
16246,16247
16251,16249
16251,16250
16251,16252
16255,16254
16261,16260
16263,16262
16266,16265
16266,16267
16271,16269
16271,16270
16273,16272
16275,16274
16275,16276
16275,16277
16280,16279
16280,16281
16282,16283
16285,16284
16288,16287
16291,16290
16291,16292
16295,16294
16298,16297
16298,16299
16298,16300
16309,16303
16309,16304
16309,16305
16309,16306
16309,16307
16309,16308
16309,16310
16317,16312
16317,16313
16317,16314
16317,16315
16317,16316
16317,16318
16317,16319
16317,16320
16322,16321
16322,16323
16326,16324
16326,16325
16326,16327
16329,16328
16331,16330
16331,16332
16337,16336
16348,16347
16351,16352
16357,16354
16357,16355
16357,16356
16357,16358
16361,16360
16361,16362
16365,16364
16365,16366
16365,16367
16369,16370
16371,16372
16373,16374
16376,16375
16377,16378
16380,16379
16380,16381
16383,16382
16385,16384
16387,16386
16387,16388
16387,16389
16387,16390
16387,16391
16387,16392
16399,16394
16399,16395
16399,16396
16399,16397
16399,16398
16400,16401
16408,16407
16408,16409
16411,16412
16413,16414
16413,16415
16417,16416
16420,16419
16423,16422
16423,16424
16426,16425
16426,16427
16426,16428
16430,16429
16433,16432
16439,16438
16440,16441
16440,16442
16440,16443
16440,16444
16447,16445
16447,16446
16451,16450
16455,16453
16455,16454
16456,16457
16456,16458
16456,16459
16460,16461
16460,16462
16464,16463
16467,16468
16467,16469
16467,16470
16473,16472
16473,16474
16476,16475
16476,16477
16480,16478
16480,16479
16480,16481
16484,16483
16484,16485
16487,16488
16490,16491
16493,16492
16494,16495
16508,16507
16510,16509
16512,16513
16515,16514
16515,16516
16519,16518
16519,16520
16522,16521
16522,16523
16524,16525
16533,16534
16533,16535
16536,16537
16540,16539
16541,16542
16541,16543
16544,16545
16547,16546
16547,16548
16549,16550
16551,16552
16551,16553
16551,16554
16551,16555
16557,16556
16557,16558
16557,16559
16564,16565
16573,16572
16573,16574
16573,16575
16573,16576
16582,16583
16582,16584
16582,16585
16582,16586
16582,16587
16582,16588
16582,16589
16591,16590
16598,16597
16600,16601
16604,16603
16605,16606
16608,16607
16609,16610
16611,16612
16611,16613
16611,16614
16616,16615
16617,16618
16619,16620
16619,16621
16619,16622
16623,16624
16627,16626
16627,16628
16629,16630
16633,16632
16635,16634
16635,16636
16635,16637
16639,16638
16639,16640
16639,16641
16644,16642
16644,16643
16644,16645
16644,16646
16644,16647
16644,16648
16644,16649
16644,16650
16652,16651
16652,16653
16652,16654
16652,16655
16652,16656
16658,16657
16658,16659
16660,16661
16660,16662
16663,16664
16663,16665
16667,16666
16667,16668
16667,16669
16667,16670
16667,16671
16667,16672
16667,16673
16674,16675
16679,16676
16679,16677
16679,16678
16679,16680
16687,16681
16687,16682
16687,16683
16687,16684
16687,16685
16687,16686
16687,16688
16690,16689
16691,16692
16691,16693
16695,16694
16697,16696
16698,16699
16704,16702
16704,16703
16708,16707
16711,16710
16715,16716
16718,16717
16718,16719
16718,16720
16722,16723
16726,16725
16726,16727
16726,16728
16731,16730
16731,16732
16736,16734
16736,16735
16736,16737
16736,16738
16739,16740
16739,16741
16744,16745
16744,16746
16747,16748
16752,16750
16752,16751
16752,16753
16756,16754
16756,16755
16756,16757
16756,16758
16756,16759
16764,16763
16764,16765
16768,16767
16768,16769
16772,16771
16774,16773
16774,16775
16776,16777
16776,16778
16779,16780
16781,16782
16784,16783
16784,16785
16784,16786
16789,16787
16789,16788
16789,16790
16792,16791
16793,16794
16799,16795
16799,16796
16799,16797
16799,16798
16799,16800
16802,16801
16802,16803
16802,16804
16805,16806
16805,16807
16805,16808
16805,16809
16805,16810
16813,16811
16813,16812
16819,16814
16819,16815
16819,16816
16819,16817
16819,16818
16820,16821
16823,16822
16826,16824
16826,16825
16828,16827
16828,16829
16828,16830
16828,16831
16833,16832
16835,16834
16839,16840
16839,16841
16842,16843
16845,16844
16845,16846
16845,16847
16850,16848
16850,16849
16855,16854
16855,16856
16858,16859
16865,16864
16867,16866
16870,16868
16870,16869
16870,16871
16870,16872
16870,16873
16877,16875
16877,16876
16879,16878
16881,16880
16881,16882
16883,16884
16886,16885
16888,16887
16890,16889
16892,16891
16892,16893
16895,16894
16896,16897
16898,16899
16900,16901
16903,16904
16919,16918
16919,16920
16923,16922
16927,16928
16932,16930
16932,16931
16932,16933
16935,16934
16940,16939
16944,16942
16944,16943
16944,16945
16947,16946
16948,16949
16950,16951
16952,16953
16954,16955
16957,16956
16960,16958
16960,16959
16961,16962
16964,16963
16965,16966
16969,16968
16972,16971
16975,16976
16978,16977
16980,16979
16980,16981
16984,16983
16984,16985
16989,16988
16990,16991
16992,16993
16992,16994
16997,16996
16997,16998
17000,16999
17000,17001
17000,17002
17004,17003
17004,17005
17004,17006
17008,17007
17008,17009
17008,17010
17011,17012
17011,17013
17011,17014
17011,17015
17011,17016
17018,17017
17018,17019
17021,17022
17026,17025
17033,17032
17037,17035
17037,17036
17037,17038
17040,17039
17040,17041
17044,17043
17044,17045
17048,17047
17051,17050
17054,17055
17057,17058
17060,17059
17068,17067
17070,17069
17073,17072
17075,17074
17081,17080
17083,17082
17083,17084
17087,17086
17089,17088
17091,17090
17093,17092
17095,17094
17100,17101
17111,17110
17116,17115
17118,17117
17126,17125
17128,17127
17134,17133
17134,17135
17137,17136
17141,17142
17146,17145
17146,17147
17150,17148
17150,17149
17153,17152
17156,17155
17157,17158
17160,17161
17160,17162
17166,17165
17169,17168
17175,17174
17175,17176
17177,17178
17180,17179
17183,17182
17185,17186
17189,17188
17194,17193
17202,17200
17202,17201
17210,17211
17214,17213
17221,17220
17225,17223
17225,17224
17227,17226
17229,17228
17231,17230
17231,17232
17235,17236
17235,17237
17238,17239
17241,17240
17243,17242
17243,17244
17246,17245
17253,17252
17264,17265
17269,17268
17274,17273
17276,17275
17280,17279
17297,17296
17300,17301
17303,17302
17303,17304
17306,17305
17308,17307
17308,17309
17311,17310
17311,17312
17311,17313
17315,17314
17318,17317
17321,17320
17323,17322
17325,17326
17331,17330
17335,17334
17335,17336
17338,17337
17349,17348
17355,17354
17356,17357
17360,17361
17360,17362
17365,17363
17365,17364
17366,17367
17369,17368
17370,17371
17372,17373
17374,17375
17376,17377
17390,17391
17393,17394
17395,17396
17397,17398
17400,17401
17403,17404
17406,17405
17416,17415
17419,17420
17422,17423
17441,17440
17553,17552
17568,17566
17568,17567
17571,17572
17573,17574
17588,17587
17616,17617
17710,17711
17714,17713
17714,17715
17714,17716
17722,17721
17724,17723
17724,17725
17726,17727
17726,17728
17726,17729
17726,17730
17731,17732
17736,17734
17736,17735
17736,17737
17739,17740
17739,17741
17744,17745
17748,17749
17748,17750
17756,17754
17756,17755
17756,17757
17764,17763
17765,17766
17770,17768
17770,17769
17770,17771
17770,17772
17777,17776
17784,17785
17791,17792
17795,17794
17795,17796
17795,17797
17801,17802
17807,17806
17807,17808
17815,17814
17817,17816
17817,17818
17820,17819
17823,17822
17826,17824
17826,17825
17835,17834
17835,17836
17835,17837
17839,17838
17841,17840
17843,17842
17845,17844
17848,17846
17848,17847
17848,17849
17848,17850
17848,17851
17848,17852
17855,17854
17857,17856
17857,17858
17861,17860
17863,17862
17866,17864
17866,17865
17866,17867
17866,17868
17870,17869
17870,17871
17870,17872
17875,17873
17875,17874
17875,17876
17878,17877
17878,17879
17878,17880
17885,17881
17885,17882
17885,17883
17885,17884
17885,17886
17888,17887
17888,17889
17888,17890
17888,17891
17897,17892
17897,17893
17897,17894
17897,17895
17897,17896
17897,17898
17902,17901
17902,17903
17908,17907
17912,17913
17927,17928
17930,17929
17932,17931
17934,17935
17939,17937
17939,17938
17939,17940
17943,17944
17946,17947
17963,17964
17967,17968
17971,17969
17971,17970
17979,17978
17980,17981
18018,18017
18018,18019
18028,18029
18030,18031
18033,18032
18035,18034
18037,18038
18040,18039
18041,18042
18050,18049
18052,18051
18056,18054
18056,18055
18059,18060
18062,18061
18062,18063
18065,18064
18065,18066
18072,18071
18072,18073
18074,18075
18077,18076
18077,18078
18080,18079
18085,18084
18094,18093
18096,18095
18096,18097
18100,18098
18100,18099
18100,18101
18103,18104
18107,18108
18112,18109
18112,18110
18112,18111
18114,18115
18116,18117
18116,18118
18122,18121
18122,18123
18126,18124
18126,18125
18126,18127
18129,18128
18132,18131
18132,18133
18132,18134
18136,18135
18138,18137
18138,18139
18138,18140
18141,18142
18141,18143
18146,18145
18146,18147
18146,18148
18149,18150
18158,18159
18163,18162
18168,18164
18168,18165
18168,18166
18168,18167
18168,18169
18178,18175
18178,18176
18178,18177
18182,18181
18182,18183
18184,18185
18189,18188
18198,18199
18198,18200
18203,18201
18203,18202
18207,18206
18209,18208
18209,18210
18209,18211
18209,18212
18216,18213
18216,18214
18216,18215
18218,18217
18220,18219
18220,18221
18220,18222
18220,18223
18220,18224
18220,18225
18229,18227
18229,18228
18231,18232
18231,18233
18234,18235
18234,18236
18234,18237
18234,18238
18241,18242
18245,18244
18245,18246
18247,18248
18256,18257
18259,18258
18263,18260
18263,18261
18263,18262
18263,18264
18275,18276
18275,18277
18275,18278
18275,18279
18280,18281
18284,18283
18284,18285
18287,18288
18290,18291
18295,18292
18295,18293
18295,18294
18295,18296
18298,18297
18300,18299
18302,18301
18307,18306
18307,18308
18316,18317
18316,18318
18384,18385
18657,18656
18658,18659
18673,18672
18675,18674
18676,18677
18679,18680
18681,18682
18683,18684
18712,18713
